,"year","city","share_cycle","pop","daily_rides","light_injuries","severe_injuries","deaths","source"
23343,2012,"Berlin",10.8,3326002,359208.216,5025,684,15,"Polizei Berlin ""Radfahrerverkehrsunfälle"" 2012"
23054,2011,"London (greater city)",4.3,8173941,351479.463,,555,16,"http://researchbriefings.files.parliament.uk/documents/SN06224/SN06224.pdf"
20094,2009,"Berlin",9.9,3431675,339735.825,4780,582,11,"Polizei Berlin ""Radfahrerverkehrsunfälle"" 2012"
19011,2008,"Berlin",9.9,3416255,338209.245,5307,584,12,"Polizei Berlin ""Radfahrerverkehrsunfälle"" 2012"
20095,2009,"Hamburg",9.3,1772100,164805.3,,,,
19012,2008,"Hamburg",9.3,1770629,164668.497,,,,
23344,2012,"Hamburg",8.7,1718187,149482.269,2000,200,4,"Polizei HH Verkehrsbericht 2012"
23345,2012,"München",10.7,1364920,146046.44,,,,
22216,2011,"Sofia",12,1202921,144350.52,,,,
20096,2009,"München",10.1,1326807,134007.507,,,,
19013,2008,"München",10.1,1311573,132468.873,,,,
23354,2012,"Bremen",21.1,544043,114793.073,,,,
23346,2012,"Köln",11.1,1013665,112516.815,,,,
20097,2009,"Köln",10.9,995420,108500.78,,,,
19014,2008,"Köln",10.9,995397,108498.273,,,,
28443,2016,"Helsinki / Helsingfors",17,628208,106795.36,97,3,0,"http://tieliikenneonnettomuudet.stat.fi/PXWeb/pxweb/en/Tieliikenneonnettomuudet/Tieliikenneonnettomuudet__1_Tienkayttajat/010_tienk_tau_101.px/table/tableViewLayout1/?rxid=2c347b8a-331b-4400-8a28-c50dbfdffd4a"
18967,2008,"Sofia",9,1162898,104660.82,,,,
20105,2009,"Bremen",18.9,547360,103451.04,,,,
19022,2008,"Bremen",18.8,547769,102980.572,,,,
23355,2012,"Hannover",19.1,509485,97311.635,,,,
23425,2012,"Münster",32.9,293393,96526.297,,,,
20176,2009,"Münster",32.2,273875,88187.75,,,,
19093,2008,"Münster",32.2,272951,87890.222,,,,
27360,2015,"Helsinki / Helsingfors",14,620715,86900.1,98,3,2,"http://tieliikenneonnettomuudet.stat.fi/PXWeb/pxweb/en/Tieliikenneonnettomuudet/Tieliikenneonnettomuudet__1_Tienkayttajat/010_tienk_tau_101.px/table/tableViewLayout1/?rxid=2c347b8a-331b-4400-8a28-c50dbfdffd4a"
20106,2009,"Hannover",16.4,519619,85217.516,,,,
19023,2008,"Hannover",16.4,518069,84963.316,,,,
23029,2011,"Helsinki / Helsingfors (greater city)",7.7,1059631,81591.587,,,,
20101,2009,"Leipzig",15.3,515469,78866.757,,,,
19018,2008,"Leipzig",15.3,510512,78108.336,,,,
23350,2012,"Leipzig",14.7,510043,74976.321,,,,
23351,2012,"Dresden",14.2,517765,73522.63,,,,
22576,2011,"Paris",3.12,2249977,70199.2824,695,49,0,"BAAC sécurité routière"
20102,2009,"Dresden",13.7,512234,70176.058,,,,
19019,2008,"Dresden",13.7,507513,69529.281,,,,
20118,2009,"Freiburg im Breisgau",31.6,219665,69414.14,,,,
19035,2008,"Freiburg im Breisgau",31.6,219430,69339.88,,,,
23347,2012,"Frankfurt am Main",10,676533,67653.3,,,,
22393,2011,"Dublin (greater city)",5.3,1261500,66859.5,,,,
23367,2012,"Freiburg im Breisgau",30,214234,64270.2,,,,
20098,2009,"Frankfurt am Main",9.6,664838,63824.448,,,,
19015,2008,"Frankfurt am Main",9.6,659021,63266.016,,,,
18956,2008,"Antwerpen",13.04,472071,61558.0584,,,,
19547,2008,"Latvia",2.6,2270894,59043.244,,,,
23066,2011,"Greater Manchester",2.2,2682528,59015.616,,,,
19779,2008,"Helsinki / Helsingfors",10,576632,57663.2,114,,0,"http://tieliikenneonnettomuudet.stat.fi/PXWeb/pxweb/en/Tieliikenneonnettomuudet/Tieliikenneonnettomuudet__1_Tienkayttajat/010_tienk_tau_101.px/table/tableViewLayout1/?rxid=2c347b8a-331b-4400-8a28-c50dbfdffd4a"
20104,2009,"Düsseldorf",9.7,584217,56669.049,,,,
23028,2011,"Helsinki / Helsingfors",9.5,595384,56561.48,110,,1,"http://tieliikenneonnettomuudet.stat.fi/PXWeb/pxweb/en/Tieliikenneonnettomuudet/Tieliikenneonnettomuudet__1_Tienkayttajat/010_tienk_tau_101.px/table/tableViewLayout1/?rxid=2c347b8a-331b-4400-8a28-c50dbfdffd4a"
19021,2008,"Düsseldorf",9.7,581122,56368.834,,,,
22417,2011,"Barcelona greater area",1.72,3184502,54773.4344,,,,
23375,2012,"Karlsruhe",18.7,291995,54603.065,,,,
20126,2009,"Karlsruhe",17.2,290736,50006.592,,,,
19043,2008,"Karlsruhe",17.2,288917,49693.724,,,,
20107,2009,"Nürnberg",9.8,503638,49356.524,,,,
19024,2008,"Nürnberg",9.8,503110,49304.78,,,,
23353,2012,"Düsseldorf",8.3,589649,48940.867,,,,
23374,2012,"Bonn",15.7,307530,48282.21,,,,
19099,2008,"Lübeck",22.8,211541,48231.348,,,,
20182,2009,"Lübeck",22.8,210892,48083.376,,,,
19627,2008,"Graz",19,250738,47640.22,,,,
20129,2009,"Kiel",19.8,237579,47040.642,,,,
19046,2008,"Kiel",19.8,236902,46906.596,,,,
21096,2009,"Oslo",8,575475,46038,,,,
23356,2012,"Nürnberg",9.3,490085,45577.905,,,,
23440,2012,"Oldenburg (Oldenburg)",28.7,157706,45261.622,,,,
19138,2008,"Estonia",3.3,1363310,44989.23,,,,
23431,2012,"Lübeck",21.3,210679,44874.627,,,,
22652,2011,"Marseille",4.24,1042873,44217.8152,,,,
20125,2009,"Bonn",13.8,317949,43876.962,,,,
23378,2012,"Kiel",18.4,237667,43730.728,,,,
19042,2008,"Bonn",13.8,316416,43665.408,,,,
22387,2011,"Estonia",3.3,1294455,42717.015,,,,
20174,2009,"Mannheim",13.6,311342,42342.512,,,,
22392,2011,"Dublin",8.2,516255,42332.91,,,,
19091,2008,"Mannheim",13.6,309795,42132.12,,,,
26523,2014,"Basel (greater city)",13.27,314852,41780.8604,,,,
20191,2009,"Oldenburg (Oldenburg)",25.6,160279,41031.424,,,,
19108,2008,"Oldenburg (Oldenburg)",25.6,159563,40848.128,,,,
23076,2011,"Cambridge",31.9,123867,39513.573,,,,
23427,2012,"Braunschweig",16,243829,39012.64,,,,
23056,2011,"West Midlands urban area",1.6,2419500,38712,,,,
22578,2011,"Lyon",2.94,1307101,38428.7694,,,,
23373,2012,"Augsburg",14.2,269402,38255.084,,,,
26719,2015,"Estonia",2.9,1313271,38084.859,,,,
23129,2011,"Hackney",15.4,246270,37925.58,,,,
20178,2009,"Braunschweig",15.4,246012,37885.848,,,,
19095,2008,"Braunschweig",15.4,245810,37854.74,,,,
25440,2013,"Basel (greater city)",11.9,312003,37128.357,,,,
27802,2016,"Estonia",2.8,1315944,36846.432,,,,
23423,2012,"Mannheim",12.6,291458,36723.708,,,,
22579,2011,"Toulouse",5.1,714318,36430.218,,,,
20188,2009,"Osnabrück",21.5,163286,35106.49,,,,
19105,2008,"Osnabrück",21.5,162870,35017.05,,,,
23069,2011,"Bristol",8.1,428234,34686.954,,,,
23036,2011,"Kuopio",35.6,96793,34458.308,,,,
20124,2009,"Augsburg",13,263313,34230.69,,,,
19041,2008,"Augsburg",13,262992,34188.96,,,,
23032,2011,"Oulu",24,141671,34001.04,,,,
20216,2009,"Erlangen",32,104980,33593.6,,,,
19133,2008,"Erlangen",32,104650,33488,,,,
22581,2011,"Bordeaux",4.63,720028,33337.2964,,,,
23083,2011,"Portsmouth (greater city)",6.4,519943,33276.352,,,,
19090,2008,"Duisburg",6.4,496665,31786.56,,,,
20173,2009,"Duisburg",6.4,494048,31619.072,,,,
19783,2008,"Oulu",24,131585,31580.4,,,,
22580,2011,"Strasbourg",6.71,470109,31544.3139,,,,
19028,2008,"Magdeburg",13.6,230140,31299.04,,,,
20111,2009,"Magdeburg",13.6,230047,31286.392,,,,
23422,2012,"Duisburg",6.4,487470,31198.08,,,,
19102,2008,"Hamm",16.8,183065,30754.92,,,,
20185,2009,"Hamm",16.8,182459,30653.112,,,,
22218,2011,"Varna",9,334486,30103.74,,,,
18957,2008,"Gent",12.55,237250,29774.875,,,,
23465,2012,"Erlangen",28.5,104312,29728.92,,,,
23442,2012,"Heidelberg",19.9,148415,29534.585,,,,
23437,2012,"Osnabrück",19,154513,29357.47,,,,
19097,2008,"Krefeld",12.4,236516,29327.984,,,,
20180,2009,"Krefeld",12.4,236333,29305.292,,,,
28445,2016,"Tampere / Tammerfors",13,225118,29265.34,,,,
22653,2011,"Nice",5.6,522008,29232.448,,,,
23382,2012,"Rostock",14.4,201813,29061.072,,,,
27362,2015,"Tampere / Tammerfors",13,223004,28990.52,,,,
22209,2011,"Brugge",24.71,117260,28974.946,,,,
19127,2008,"Cottbus",28,102811,28787.08,,,,
18969,2008,"Varna",9,318313,28648.17,,,,
20210,2009,"Cottbus",28,101785,28499.8,,,,
23218,2011,"Oxford",18.7,151906,28406.422,,,,
19026,2008,"Bielefeld",8.7,324912,28267.344,,,,
20100,2009,"Stuttgart",4.7,600068,28203.196,,,,
20109,2009,"Bielefeld",8.7,323615,28154.505,,,,
19017,2008,"Stuttgart",4.7,597176,28067.272,,,,
19027,2008,"Halle an der Saale",11.9,234295,27881.105,,,,
18968,2008,"Plovdiv",8,347600,27808,,,,
23349,2012,"Stuttgart",4.7,591015,27777.705,,,,
22583,2011,"Lille",2.49,1113813,27733.9437,,,,
20110,2009,"Halle an der Saale",11.9,233013,27728.547,,,,
22416,2011,"Barcelona",1.72,1611013,27709.4236,570,10,2,"https://fusiontables.google.com/DataSource?docid=1PHAAff2aWYeuuc2Pclp4Fl95LHs1QBekSYcAn551#rows:id=1"
23359,2012,"Halle an der Saale",11.9,230494,27428.786,,,,
19782,2008,"Turku / Åbo",15.5,175286,27169.33,,,,
22217,2011,"Plovdiv",8,338062,27044.96,,,,
19020,2008,"Dortmund",4.6,586909,26997.814,,,,
21098,2009,"Trondheim",16,168257,26921.12,,,,
20103,2009,"Dortmund",4.6,584412,26882.952,,,,
18960,2008,"Brugge",22.78,117073,26669.2294,,,,
22219,2011,"Burgas",13,200261,26033.93,,,,
23362,2012,"Göttingen",22.4,116052,25995.648,,,,
23139,2011,"Lambeth",8.5,303086,25762.31,,,,
23360,2012,"Magdeburg",11,228910,25180.1,,,,
26522,2014,"Basel",14.93,167386,24990.7298,,,,
23459,2012,"Cottbus",24.9,99974,24893.526,,,,
23358,2012,"Bielefeld",7.6,327199,24867.124,,,,
26519,2014,"Zürich (greater city)",4.04,613646,24791.2984,,,,
20123,2009,"Erfurt",12,203333,24399.96,,,,
19040,2008,"Erfurt",12,202929,24351.48,,,,
23149,2011,"Wandsworth",7.9,306995,24252.605,,,,
23429,2012,"Krefeld",10.9,221864,24183.176,,,,
23443,2012,"Paderborn",16.8,143174,24053.232,,,,
23185,2011,"York",12.1,198051,23964.171,,,,
23380,2012,"Potsdam",15.2,157603,23955.656,,,,
22582,2011,"Nantes",4.01,593983,23818.7183,,,,
18955,2008,"Bruxelles / Brussel",2.26,1048491,23695.8966,,,,
23434,2012,"Hamm",13.4,176474,23647.516,,,,
22584,2011,"Montpellier",5.51,427532,23557.0132,,,,
22223,2011,"Stara Zagora",17,138329,23515.93,,,,
23064,2011,"City of Edinburgh",4.79,476626,22830.3854,,,,
25439,2013,"Basel",13.7,165566,22682.542,,,,
18970,2008,"Burgas",12,188861,22663.32,,,,
23417,2012,"Greifswald",40.2,55949,22491.498,,,,
20179,2009,"Aachen",8.6,259269,22297.134,,,,
23061,2011,"Liverpool",2.1,1061406,22289.526,,,,
23063,2011,"Liverpool",2.1,1061406,22289.526,,,,
19096,2008,"Aachen",8.6,259030,22276.58,,,,
23145,2011,"Southwark",7.7,288283,22197.791,,,,
24356,2012,"Basel",13.35,164516,21962.886,,,,
20194,2009,"Paderborn",15.1,144811,21866.461,,,,
19111,2008,"Paderborn",15.1,144181,21771.331,,,,
23091,2011,"Greater Nottingham",3.4,639839,21754.526,,,,
26521,2014,"Genève (greater city)",6.05,358095,21664.7475,,,,
22204,2011,"Bruxelles / Brussel",1.9,1136778,21598.782,,,,
23454,2012,"Ingolstadt",16.9,126076,21306.844,,,,
23365,2012,"Darmstadt",14.6,145845,21293.37,,,,
23086,2011,"Kingston-upon-Hull",8.3,256406,21281.698,,,,
23428,2012,"Aachen",8.9,238665,21241.185,,,,
25436,2013,"Zürich (greater city)",3.5,605812,21203.42,,,,
23352,2012,"Dortmund",3.7,571403,21141.911,,,,
23065,2011,"Manchester",4.2,503127,21131.334,,,,
23136,2011,"Islington",10.1,206125,20818.625,,,,
23438,2012,"Ludwigshafen am Rhein",13,158637,20622.81,,,,
22599,2011,"Grenoble",5.02,402326,20196.7652,,,,
27367,2015,"Lahti / Lahtis",17,118644,20169.48,,,,
25438,2013,"Genève (greater city)",5.7,353162,20130.234,,,,
20133,2009,"Rostock",10,201096,20109.6,,,,
19050,2008,"Rostock",10,200413,20041.3,,,,
23072,2011,"Tyneside conurbation",2.4,829319,19903.656,,,,
20131,2009,"Potsdam",12.9,152966,19732.614,,,,
19048,2008,"Potsdam",12.9,150833,19457.457,,,,
19030,2008,"Göttingen",16,121513,19442.08,,,,
20113,2009,"Göttingen",16,121455,19432.8,,,,
23372,2012,"Erfurt",9.6,201952,19387.392,,,,
23368,2012,"Regensburg",13.9,136352,18952.928,,,,
23462,2012,"Hildesheim",18.3,102584,18772.872,,,,
22587,2011,"Rennes",4.63,402331,18627.9253,,,,
23387,2012,"Wilhelmshaven",23.9,76926,18385.314,,,,
20193,2009,"Heidelberg",12.5,145642,18205.25,,,,
19110,2008,"Heidelberg",12.5,145311,18163.875,,,,
22603,2011,"Toulon",4.27,422425,18037.5475,,,,
22221,2011,"Ruse",12,149750,17970,,,,
23147,2011,"Tower Hamlets",7,254096,17786.72,,,,
23033,2011,"Espoo / Esbo",7,252439,17670.73,,,,
19092,2008,"Gelsenkirchen",6.6,264765,17474.49,,,,
26518,2014,"Zürich",4.53,384786,17430.8058,,,,
20175,2009,"Gelsenkirchen",6.6,262063,17296.158,,,,
18972,2008,"Ruse",11,156959,17265.49,,,,
19045,2008,"Mainz",8.7,198118,17236.266,,,,
23399,2012,"Celle",24.6,69972,17213.112,,,,
20128,2009,"Mainz",8.7,197623,17193.201,,,,
23055,2011,"Birmingham",1.6,1073045,17168.72,,,,
23074,2011,"Leicester (greater city)",3.5,479924,16797.34,,,,
20119,2009,"Regensburg",12.5,133525,16690.625,,,,
19036,2008,"Regensburg",12.5,132495,16561.875,,,,
20203,2009,"Ulm",13.5,121648,16422.48,,,,
19120,2008,"Ulm",13.5,121434,16393.59,,,,
23439,2012,"Leverkusen",10.2,159373,16256.046,,,,
23421,2012,"Dessau-Roßlau",18.8,85488,16071.744,,,,
22220,2011,"Pleven",15,107101,16065.15,,,,
24352,2012,"Zürich",4.24,376990,15984.376,,,,
19112,2008,"Würzburg",11.8,135212,15955.016,,,,
23082,2011,"Portsmouth",7.7,205056,15789.312,,,,
20195,2009,"Würzburg",11.8,133501,15753.118,,,,
23447,2012,"Bremerhaven",14.5,108139,15680.155,,,,
23124,2011,"Camden",7.1,220338,15643.998,,,,
19115,2008,"Bremerhaven",13.5,115313,15567.255,,,,
23433,2012,"Kassel",8.1,191854,15540.174,,,,
23410,2012,"Stralsund",27.3,56921,15539.433,,,,
20198,2009,"Bremerhaven",13.5,114506,15458.31,,,,
23394,2012,"Neumünster",19.8,77201,15285.798,,,,
25442,2013,"Bern (greater city)",7,215337,15073.59,,,,
26525,2014,"Bern (greater city)",6.86,217804,14941.3544,,,,
19025,2008,"Bochum",3.9,381542,14880.138,,,,
23377,2012,"Mainz",7.4,201002,14874.148,,,,
25435,2013,"Zürich",3.9,380777,14850.303,,,,
22211,2011,"Leuven",15.26,97270,14843.402,,,,
22606,2011,"Angers",5.59,265521,14842.6239,,,,
19109,2008,"Neuss",9.8,151449,14842.002,,,,
20192,2009,"Neuss",9.8,151254,14822.892,,,,
22605,2011,"Tours",5.31,278974,14813.5194,,,,
20108,2009,"Bochum",3.9,378596,14765.244,,,,
19106,2008,"Ludwigshafen am Rhein",9,163777,14739.93,,,,
20189,2009,"Ludwigshafen am Rhein",9,163467,14712.03,,,,
23444,2012,"Würzburg",11.8,124449,14684.982,,,,
20112,2009,"Wiesbaden",5.3,276742,14667.326,,,,
19029,2008,"Wiesbaden",5.3,275849,14619.997,,,,
21099,2009,"Stavanger",12,121610,14593.2,,,,
22225,2011,"Dobrich",16,91045,14567.2,,,,
19165,2008,"Barcelona",0.9,1615908,14543.172,,,,
23441,2012,"Neuss",9.6,151070,14502.72,,,,
23165,2011,"Brighton and Hove",5.3,273369,14488.557,,,,
23130,2011,"Hammersmith and Fulham",7.9,182493,14416.947,,,,
23446,2012,"Wolfsburg",11.9,120889,14385.791,,,,
23057,2011,"Leeds",1.9,751485,14278.215,,,,
23035,2011,"Lahti / Lahtis",14,101588,14222.32,,,,
18974,2008,"Stara Zagora",10,140710,14071,,,,
22214,2011,"Oostende",20.1,69980,14065.98,,,,
23408,2012,"Rosenheim",23.5,59543,13992.605,,,,
23452,2012,"Ulm",11.8,117541,13869.838,,,,
22229,2011,"Haskovo",18,76456,13762.08,,,,
22224,2011,"Sliven",15,91669,13750.35,,,,
20197,2009,"Wolfsburg",11.2,120538,13500.256,,,,
19114,2008,"Wolfsburg",11.2,120009,13441.008,,,,
23424,2012,"Gelsenkirchen",5.2,257994,13415.688,,,,
19016,2008,"Essen",2.3,582140,13389.22,,,,
22228,2011,"Yambol",18,74201,13356.18,,,,
20099,2009,"Essen",2.3,579759,13334.457,,,,
23389,2012,"Tübingen",16,83248,13319.68,,,,
23131,2011,"Haringey",5.2,254926,13256.152,,,,
23067,2011,"Cardiff",3.8,346090,13151.42,,,,
26520,2014,"Genève",6.79,191557,13006.7203,,,,
22230,2011,"Pazardzhik",18,72032,12965.76,,,,
22226,2011,"Shumen",16,80947,12951.52,,,,
24354,2012,"Genève",6.86,188234,12912.8524,,,,
20116,2009,"Darmstadt",9,142310,12807.9,,,,
23401,2012,"Bamberg",18.1,70712,12798.872,,,,
19033,2008,"Darmstadt",9,142191,12797.19,,,,
19044,2008,"Mönchengladbach",4.9,260018,12740.882,,,,
19094,2008,"Chemnitz",5.2,244951,12737.452,,,,
20127,2009,"Mönchengladbach",4.9,258848,12683.552,,,,
20177,2009,"Chemnitz",5.2,243880,12681.76,,,,
21097,2009,"Bergen",5,252051,12602.55,,,,
23073,2011,"Leicester",3.8,329839,12533.882,,,,
23144,2011,"Richmond upon Thames",6.7,186990,12528.33,,,,
23395,2012,"Brandenburg an der Havel",17.5,71381,12491.675,,,,
23376,2012,"Mönchengladbach",4.9,254834,12486.866,,,,
19781,2008,"Tampere / Tammerfors",6,207866,12471.96,,,,
23393,2012,"Konstanz",15.8,78539,12409.162,,,,
20205,2009,"Ingolstadt",10,123925,12392.5,,,,
22593,2011,"Dijon",5.05,244941,12369.5205,,,,
23225,2011,"Norwich",9.3,132512,12323.616,,,,
19122,2008,"Ingolstadt",10,123055,12305.5,,,,
19113,2008,"Recklinghausen",10.2,120536,12294.672,,,,
23426,2012,"Chemnitz",5.1,240543,12267.693,,,,
20196,2009,"Recklinghausen",10.2,120059,12246.018,,,,
23397,2012,"Lüneburg",16.6,73581,12214.446,,,,
26531,2014,"Luzern (greater city)",7.72,157412,12152.2064,,,,
23445,2012,"Recklinghausen",10.5,115648,12143.04,,,,
19130,2008,"Hildesheim",11.7,103593,12120.381,,,,
25437,2013,"Genève",6.4,189033,12098.112,,,,
20213,2009,"Hildesheim",11.7,103288,12084.696,,,,
22231,2011,"Blagoevgrad",17,70902,12053.34,,,,
23467,2012,"Jena",11.3,106428,12026.364,,,,
23457,2012,"Reutlingen",10.9,110084,11999.156,,,,
23364,2012,"Moers",11.5,103831,11940.565,,,,
19032,2008,"Moers",11.1,107111,11889.321,,,,
23348,2012,"Essen",2.1,565900,11883.9,,,,
22446,2011,"Bilbao",1.51,785036,11854.0436,,,,
22213,2011,"Kortrijk",15.74,75223,11840.1002,,,,
20115,2009,"Moers",11.1,106645,11837.595,,,,
23150,2011,"Westminster",5.3,219396,11627.988,,,,
25448,2013,"Luzern (greater city)",7.4,155775,11527.35,,,,
23171,2011,"Southampton",4.8,236882,11370.336,,,,
23403,2012,"Neubrandenburg",17.7,64027,11332.779,,,,
23140,2011,"Lewisham",4.1,275885,11311.285,,,,
23090,2011,"Nottingham",3.7,305680,11310.16,,,,
20184,2009,"Kassel",5.7,194168,11067.576,,,,
19101,2008,"Kassel",5.7,193803,11046.771,,,,
23398,2012,"Bayreuth",15.5,71214,11038.17,,,,
19039,2008,"Schwerin",11.5,95855,11023.325,,,,
23201,2011,"Peterborough",6,183631,11017.86,,,,
20122,2009,"Schwerin",11.5,95551,10988.365,,,,
23209,2011,"Reading (greater city)",3.5,310078,10852.73,,,,
23058,2011,"Glasgow City",1.82,593245,10797.059,,,,
22663,2011,"Rouen",2.21,487136,10765.7056,,,,
23406,2012,"Landshut",16.7,64277,10734.259,,,,
20202,2009,"Offenbach am Main",9,118977,10707.93,,,,
23371,2012,"Schwerin",11.7,91327,10685.259,,,,
23413,2012,"Görlitz",19.6,54441,10670.436,,,,
23030,2011,"Tampere / Tammerfors",5,213217,10660.85,,,,
19119,2008,"Offenbach am Main",9,118245,10642.05,,,,
23419,2012,"Speyer",21.2,49712,10538.944,,,,
23068,2011,"Sheffield",1.9,552698,10501.262,,,,
23126,2011,"Ealing",3.1,338449,10491.919,,,,
22651,2011,"Aix-en-Provence",2.9,355721,10315.909,1,1,0,"BAAC sécurité routière"
23381,2012,"Koblenz",9.5,107954,10255.63,,,,
18971,2008,"Pleven",9,112372,10113.48,,,,
22591,2011,"Reims",4.84,208144,10074.1696,,,,
25441,2013,"Bern",7.8,127515,9946.17,,,,
24358,2012,"Bern",7.81,125681,9815.6861,,,,
23060,2011,"Liverpool",2.1,466415,9794.715,,,,
23062,2011,"Liverpool",2.1,466415,9794.715,,,,
26524,2014,"Bern",7.6,128848,9792.448,,,,
23357,2012,"Bochum",2.7,362585,9789.795,,,,
23361,2012,"Wiesbaden",3.6,270952,9754.272,,,,
22233,2011,"Vratsa",16,60741,9718.56,,,,
23411,2012,"Friedrichshafen",17,57153,9716.01,,,,
23169,2011,"Derby",3.9,248752,9701.328,,,,
22227,2011,"Pernik",12,80264,9631.68,,,,
21100,2009,"Kristiansand",12,80109,9613.08,,,,
19116,2008,"Bottrop",8.1,118597,9606.357,,,,
26528,2014,"Winterthur",9.04,105676,9553.1104,,,,
20199,2009,"Bottrop",8.1,117756,9538.236,,,,
22595,2011,"Clermont-Ferrand",3.34,281605,9405.607,,,,
23391,2012,"Flensburg",11.3,82801,9356.513,,,,
22588,2011,"Amiens",5.33,175438,9350.8454,,,,
19126,2008,"Fürth",8.1,114130,9244.53,,,,
20209,2009,"Fürth",8.1,114071,9239.751,,,,
23227,2011,"Cheshire West and Chester",2.8,329608,9229.024,,,,
22589,2011,"Nancy",3.6,256224,9224.064,,,,
23187,2011,"Swindon",4.4,209156,9202.864,,,,
23451,2012,"Offenbach am Main",8,114855,9188.4,,,,
22613,2011,"Nîmes",3.87,237203,9179.7561,,,,
23191,2011,"Bournemouth",5,183491,9174.55,,,,
19124,2008,"Salzgitter",8.7,105320,9162.84,,,,
25445,2013,"Winterthur",8.7,104468,9088.716,,,,
23412,2012,"Offenburg",15.9,57158,9088.122,,,,
20207,2009,"Salzgitter",8.7,104423,9084.801,,,,
23199,2011,"North East Lincolnshire",5.6,159616,8938.496,,,,
22607,2011,"Brest",4.25,206823,8789.9775,,,,
24362,2012,"Winterthur",8.43,103075,8689.2225,,,,
23135,2011,"Hounslow",3.4,253957,8634.538,,,,
23396,2012,"Gießen",11.5,74776,8599.24,,,,
23137,2011,"Kensington and Chelsea",5.4,158649,8567.046,,,,
23085,2011,"Coventry",2.7,316960,8557.92,,,,
23409,2012,"Frankenthal (Pfalz)",18.2,46617,8484.294,,,,
23430,2012,"Oberhausen",4,210256,8410.24,,,,
23122,2011,"Brent",2.7,311215,8402.805,,,,
22622,2011,"La Rochelle",5.6,147747,8273.832,,,,
23071,2011,"Newcastle upon Tyne",2.9,280177,8125.133,,,,
23229,2011,"Cheltenham",7,115732,8101.24,,,,
22586,2011,"Le Havre",3.36,238171,8002.5456,,,,
19107,2008,"Leverkusen",4.9,161345,7905.905,,,,
20190,2009,"Leverkusen",4.9,161322,7904.778,,,,
22612,2011,"Perpignan",3.08,255509,7869.6772,,,,
23156,2011,"Doncaster",2.6,302402,7862.452,,,,
19169,2008,"Valencia",0.97,807200,7829.84,,,,
23077,2011,"Exeter",6.6,117773,7773.018,,,,
19173,2008,"Sevilla",1.1,699759,7697.349,,,,
23158,2011,"Sefton",2.8,273790,7666.12,,,,
22592,2011,"Orléans",2.79,273877,7641.1683,,,,
22598,2011,"Besançon",4.32,176472,7623.5904,,,,
23213,2011,"Poole",5.1,147645,7529.895,,,,
22608,2011,"Le Mans",4.09,183750,7515.375,,,,
22596,2011,"Caen",3.46,216838,7502.5948,,,,
23098,2011,"Waveney",6.5,115254,7491.51,,,,
23148,2011,"Waltham Forest",2.9,258249,7489.221,,,,
23176,2011,"Trafford",3.3,226578,7477.074,,,,
23177,2011,"Milton Keynes",3,248821,7464.63,,,,
22594,2011,"Poitiers",5.48,135432,7421.6736,,,,
19098,2008,"Oberhausen",3.4,217108,7381.672,,,,
20181,2009,"Oberhausen",3.4,215670,7332.78,,,,
23202,2011,"Colchester",4.2,173074,7269.108,,,,
23415,2012,"Neu-Ulm",13.4,53300,7142.2,,,,
19125,2008,"Reutlingen",6.3,112458,7084.854,,,,
20208,2009,"Reutlingen",6.3,112176,7067.088,,,,
23138,2011,"Kingston upon Thames",4.4,160060,7042.64,,,,
20218,2009,"Jena",6.8,103392,7030.656,,,,
18973,2008,"Vidin",14,50185,7025.9,,,,
23141,2011,"Merton",3.5,199693,6989.255,,,,
19135,2008,"Jena",6.8,102752,6987.136,,,,
23167,2011,"Plymouth",2.7,256384,6922.368,,,,
19123,2008,"Gera",6.8,101618,6910.024,,,,
23208,2011,"Reading",4.4,155698,6850.712,,,,
20206,2009,"Gera",6.8,100643,6843.724,,,,
23405,2012,"Kempten (Allgäu)",10.6,64300,6815.8,,,,
23385,2012,"Esslingen am Neckar",7.7,87519,6738.963,,,,
22222,2011,"Vidin",14,48095,6733.3,,,,
23221,2011,"Preston (greater city)",2.7,249259,6729.993,,,,
20200,2009,"Heilbronn",5.5,122098,6715.39,,,,
22609,2011,"Avignon",3.79,176940,6706.026,,,,
26530,2014,"Luzern",8.33,80501,6705.7333,,,,
19117,2008,"Heilbronn",5.5,121627,6689.485,,,,
23435,2012,"Herne",4.3,154887,6660.141,,,,
22597,2011,"Limoges",3.3,199125,6571.125,,,,
19179,2008,"Murcia",1.52,430571,6544.6792,,,,
23197,2011,"Southend-on-Sea (greater city)",2.5,261669,6541.725,,,,
23228,2011,"Ipswich",4.9,133384,6535.816,,,,
23070,2011,"Belfast",2.3,280962,6462.126,,,,
23205,2011,"Bedford",4.1,157479,6456.639,,,,
25447,2013,"Luzern",8.1,79478,6437.718,,,,
19161,2008,"Madrid",0.2,3213271,6426.542,,,,
22585,2011,"Saint-Etienne",1.71,372730,6373.683,,,,
27803,2016,"Tallinn",1.5,423420,6351.3,,,,
23230,2011,"Gloucester",5.2,121688,6327.776,,,,
19103,2008,"Herne",3.7,168454,6232.798,,,,
23157,2011,"Stockport",2.2,283275,6232.05,,,,
22614,2011,"Pau",4.24,146975,6231.74,,,,
23370,2012,"Weimar",9.9,62886,6225.714,,,,
22232,2011,"Veliko Tarnovo",9,68799,6191.91,,,,
20186,2009,"Herne",3.7,166924,6176.188,,,,
24364,2012,"Luzern",7.89,78093,6161.5377,,,,
22590,2011,"Metz",2.82,218431,6159.7542,,,,
23456,2012,"Salzgitter",6.2,98588,6112.456,,,,
23128,2011,"Greenwich",2.4,254557,6109.368,,,,
23366,2012,"Trier",5.7,106284,6058.188,,,,
23449,2012,"Heilbronn",5.1,116716,5952.516,,,,
23078,2011,"Lincoln",6.3,93541,5893.083,,,,
19773,2008,"Nitra",7,84070,5884.9,,,,
23464,2012,"Zwickau",6.3,93081,5864.103,,,,
23174,2011,"Salford",2.5,233933,5848.325,,,,
23392,2012,"Marburg",8.1,72190,5847.39,,,,
23103,2011,"Worthing",5.5,104640,5755.2,,,,
22611,2011,"Dunkerque",2.94,195161,5737.7334,,,,
23180,2011,"Northampton",2.7,212069,5725.863,,,,
23120,2011,"Barnet",1.6,356386,5702.176,,,,
23093,2011,"Bath and North East Somerset",3.2,176016,5632.512,,,,
23416,2012,"Schweinfurt",10.8,52118,5628.744,,,,
23448,2012,"Bottrop",4.8,117074,5619.552,,,,
23458,2012,"Fürth",4.8,116640,5598.72,,,,
22688,2011,"Colmar",5.83,95881,5589.8623,,,,
19037,2008,"Frankfurt (Oder)",9,61969,5577.21,,,,
20120,2009,"Frankfurt (Oder)",9,61286,5515.74,,,,
23089,2011,"Wolverhampton",2.2,249470,5488.34,,,,
23183,2011,"Warrington",2.7,202228,5460.156,,,,
23092,2011,"Wirral",1.7,319783,5436.311,,,,
20132,2009,"Koblenz",5.1,106293,5420.943,,,,
19049,2008,"Koblenz",5.1,106087,5410.437,,,,
23155,2011,"Wigan",1.7,317849,5403.433,,,,
23400,2012,"Aschaffenburg",8,67470,5397.6,,,,
22445,2011,"Bilbao",1.51,351356,5305.4756,,,,
22618,2011,"Lorient",2.84,186150,5286.66,,,,
23407,2012,"Sindelfingen",8.7,60452,5259.324,,,,
23142,2011,"Newham",1.7,307984,5235.728,,,,
23181,2011,"North Tyneside",2.6,200801,5220.826,,,,
22654,2011,"CA de Sophia-Antipolis",2.99,174592,5220.3008,,,,
23200,2011,"Chelmsford",3.1,168310,5217.61,,,,
23196,2011,"Southend-on-Sea",3,173658,5209.74,,,,
23414,2012,"Sankt Augustin",9.2,54100,4977.2,,,,
23123,2011,"Bromley",1.6,309392,4950.272,,,,
23159,2011,"Sandwell",1.6,308063,4929.008,,,,
20121,2009,"Weimar",7.5,64938,4870.35,,,,
22610,2011,"Mulhouse",1.93,251896,4861.5928,,,,
19038,2008,"Weimar",7.5,64720,4854,,,,
23210,2011,"Blackpool",3.4,142065,4830.21,,,,
23125,2011,"Croydon",1.3,363378,4723.914,,,,
23127,2011,"Enfield",1.5,312466,4686.99,,,,
23223,2011,"Warwick",3.4,137648,4680.032,,,,
22620,2011,"Troyes",3.66,125256,4584.3696,,,,
24368,2012,"Biel/Bienne",8.86,51635,4574.861,,,,
19031,2008,"Mülheim a.d.Ruhr",2.7,168925,4560.975,,,,
23369,2012,"Frankfurt (Oder)",7.7,59063,4547.851,,,,
20114,2009,"Mülheim a.d.Ruhr",2.7,168288,4543.776,,,,
26721,2015,"Tartu",4.6,97332,4477.272,,,,
19776,2008,"Trnava",6.6,67726,4469.916,,,,
23075,2011,"Aberdeen City",2,222793,4455.86,,,,
22662,2011,"Valence",3.72,119553,4447.3716,,,,
23390,2012,"Villingen-Schwenningen",5.5,80268,4414.74,,,,
22617,2011,"Annecy",3.15,139792,4403.448,,,,
23084,2011,"Worcester",4.4,98768,4345.792,,,,
23386,2012,"Hanau",5,86803,4340.15,,,,
23162,2011,"Walsall",1.6,269323,4309.168,,,,
23107,2011,"Great Yarmouth",4.4,97277,4280.188,,,,
22208,2011,"Liège",1.13,377263,4263.0719,,,,
22600,2011,"Ajaccio",5.25,81104,4257.96,,,,
23153,2011,"Wakefield",1.3,325837,4235.881,,,,
23151,2011,"Kirklees",1,422458,4224.58,,,,
22615,2011,"Bayonne",3.41,122907,4191.1287,,,,
23146,2011,"Sutton",2.2,190146,4183.212,,,,
23059,2011,"Bradford",0.8,522452,4179.616,,,,
23388,2012,"Ludwigsburg",4.8,86939,4173.072,,,,
23134,2011,"Hillingdon",1.5,273936,4109.04,,,,
18959,2008,"Liège",1.11,367612,4080.4932,,,,
23154,2011,"Dudley",1.3,312925,4068.025,,,,
22604,2011,"Valenciennes",2.1,191606,4023.726,,,,
23363,2012,"Mülheim a.d.Ruhr",2.4,166804,4003.296,,,,
22621,2011,"Saint-Nazaire",3.41,117197,3996.4177,,,,
23460,2012,"Siegen",4,99230,3969.2,,,,
22388,2011,"Tallinn",1,393222,3932.22,,,,
23455,2012,"Gera",4.1,95746,3925.586,,,,
22625,2011,"Chambéry",3.15,124356,3917.214,,,,
23379,2012,"Saarbrücken",2.2,176497,3882.934,,,,
23101,2011,"East Staffordshire",3.4,113583,3861.822,,,,
23204,2011,"Basingstoke and Deane",2.3,167799,3859.377,,,,
23160,2011,"Sunderland",1.4,275506,3857.084,,,,
23095,2011,"Guildford",2.8,137183,3841.124,,,,
23188,2011,"Stockton-on-Tees",2,191610,3832.2,,,,
22657,2011,"Douai",2.52,151968,3829.5936,,,,
27804,2016,"Tartu",4,93687,3747.48,,,,
23087,2011,"Stoke-on-trent",1.5,249008,3735.12,,,,
26720,2015,"Tallinn",0.9,413782,3724.038,,,,
22647,2011,"Albi",4.61,80729,3721.6069,,,,
22396,2011,"Galway",5,73963,3698.15,,,,
19184,2008,"Vitoria/Gasteiz",1.58,232477,3673.1366,,,,
23198,2011,"Telford and Wrekin",2.2,166641,3666.102,,,,
26534,2014,"Biel/Bienne",6.89,53031,3653.8359,,,,
23096,2011,"Thanet",2.7,134186,3623.022,,,,
25451,2013,"Biel/Bienne",6.9,52351,3612.219,,,,
23217,2011,"Middlesbrough",2.6,138412,3598.712,,,,
23168,2011,"Swansea",1.5,239023,3585.345,,,,
20130,2009,"Saarbrücken",2,176749,3534.98,,,,
19047,2008,"Saarbrücken",2,176452,3529.04,,,,
23226,2011,"Slough",2.5,140205,3505.125,,,,
22637,2011,"Tarbes",4.67,74520,3480.084,,,,
22635,2011,"Vannes",2.62,132680,3476.216,,,,
19128,2008,"Siegen",3.3,105049,3466.617,,,,
20211,2009,"Siegen",3.3,104419,3445.827,,,,
22394,2011,"Cork",2.9,118713,3442.677,,,,
23203,2011,"South Tyneside",2.3,148127,3406.921,,,,
23220,2011,"Preston",2.4,140202,3364.848,,,,
22953,2011,"Lisboa (greater city)",0.18,1863069,3353.5242,,,,
23143,2011,"Redbridge",1.2,278970,3347.64,,,,
22655,2011,"Lens - Liévin",1.36,243907,3317.1352,,,,
26527,2014,"Lausanne (greater city)",1.47,224379,3298.3713,,,,
22659,2011,"Versailles",1.8,181861,3273.498,,,,
19198,2008,"Córdoba",1,325453,3254.53,,,,
20117,2009,"Trier",3.1,104640,3243.84,,,,
22629,2011,"Calais",3.38,95494,3227.6972,,,,
19034,2008,"Trier",3.1,103888,3220.528,,,,
23100,2011,"Ashford",2.7,117956,3184.812,,,,
23111,2011,"Eastbourne",3.2,99412,3181.184,,,,
23163,2011,"Medway",1.2,263925,3167.1,,,,
23461,2012,"Bergisch Gladbach",2.9,109026,3161.754,,,,
23190,2011,"Basildon",1.8,174497,3140.946,,,,
23383,2012,"Kaiserslautern",3.2,96963,3102.816,,,,
23179,2011,"Solihull",1.5,206674,3100.11,,,,
22639,2011,"Belfort",3.22,95608,3078.5776,,,,
19775,2008,"Zilina",3.6,85327,3071.772,,,,
23175,2011,"Tameside",1.4,219324,3070.536,,,,
23161,2011,"Bolton",1.1,276786,3044.646,,,,
23404,2012,"Fulda",4.7,64414,3027.458,,,,
22628,2011,"Niort",2.91,103730,3018.543,,,,
23232,2011,"Carlisle",2.8,107524,3010.672,,,,
23182,2011,"Gateshead",1.5,200214,3003.21,,,,
25446,2013,"St. Gallen",4,74111,2964.44,,,,
19177,2008,"Zaragoza",0.44,666129,2930.9676,,,,
24363,2012,"St. Gallen",3.97,73505,2918.1485,,,,
23108,2011,"Woking",2.9,99198,2876.742,,,,
19134,2008,"Wuppertal",0.8,356420,2851.36,,,,
23184,2011,"Luton",1.4,203201,2844.814,,,,
22955,2011,"Porto (greater city)",0.29,978256,2836.9424,,,,
20217,2009,"Wuppertal",0.8,353308,2826.464,,,,
19182,2008,"Palma de Mallorca",0.71,396570,2815.647,,,,
22632,2011,"Bourges",2.9,96444,2796.876,,,,
23119,2011,"Barking and Dagenham",1.5,185911,2788.665,,,,
23121,2011,"Bexley",1.2,231997,2783.964,,,,
23233,2011,"Crawley",2.6,106597,2771.522,,,,
23117,2011,"Halton",2.2,125746,2766.412,,,,
23097,2011,"Nuneaton and Bedworth",2.2,125252,2755.544,,,,
22636,2011,"Cherbourg",3.36,81709,2745.4224,,,,
23231,2011,"Bracknell Forest",2.4,113205,2716.92,,,,
23222,2011,"St Albans",1.9,140664,2672.616,,,,
26529,2014,"St. Gallen",3.57,74581,2662.5417,,,,
25444,2013,"Lausanne (greater city)",1.2,220846,2650.152,,,,
20212,2009,"Bergisch Gladbach",2.5,105901,2647.525,,,,
19129,2008,"Bergisch Gladbach",2.5,105840,2646,,,,
23102,2011,"Darlington",2.5,105564,2639.1,,,,
22630,2011,"Béziers",2.41,109129,2630.0089,,,,
23189,2011,"St. Helens",1.5,175308,2629.62,,,,
23463,2012,"Witten",2.7,96221,2597.967,,,,
23186,2011,"Bury",1.4,185060,2590.84,,,,
22633,2011,"Saint-Brieuc",2.24,115069,2577.5456,,,,
22648,2011,"Fréjus",2.98,85961,2561.6378,,,,
22626,2011,"Chalon-sur-Saône",2.43,105088,2553.6384,,,,
22686,2011,"Cergy-Pontoise",1.31,192809,2525.7979,,,,
19132,2008,"Zwickau",2.6,95841,2491.866,,,,
23173,2011,"Oldham",1.1,224897,2473.867,,,,
20215,2009,"Zwickau",2.6,94887,2467.062,,,,
22627,2011,"Chartres",2.18,110545,2409.881,,,,
19772,2008,"Banská Bystrica",3,80106,2403.18,,,,
23195,2011,"Wycombe",1.4,171644,2403.016,,,,
23466,2012,"Wuppertal",0.7,342570,2397.99,,,,
23094,2011,"Thurrock",1.5,157705,2365.575,,,,
19771,2008,"Kosice",1,233659,2336.59,,,,
23178,2011,"Rochdale",1.1,211699,2328.689,,,,
19100,2008,"Hagen",1.2,193748,2324.976,,,,
23164,2011,"Rotherham",0.9,257280,2315.52,,,,
22640,2011,"Roanne",3.35,68840,2306.14,,,,
20183,2009,"Hagen",1.2,192177,2306.124,,,,
22660,2011,"CC de la Boucle de la Seine",1.35,170305,2299.1175,,,,
22656,2011,"Hénin - Carvin",1.83,124461,2277.6363,,,,
22634,2011,"Quimper",2.57,86714,2228.5498,,,,
19774,2008,"Presov",2.4,91273,2190.552,,,,
23216,2011,"Newport",1.5,145736,2186.04,,,,
22961,2011,"Aveiro",2.76,78463,2165.5788,,,,
22645,2011,"Châteauroux",2.98,72323,2155.2254,,,,
23133,2011,"Havering",0.9,237232,2135.088,,,,
23116,2011,"Harlow",2.6,81944,2130.544,,,,
19181,2008,"Valladolid",0.66,318461,2101.8426,,,,
23080,2011,"Stevenage",2.5,83957,2098.925,,,,
22623,2011,"Angoulême",2.01,103578,2081.9178,,,,
23206,2011,"Dundee City",1.39,147268,2047.0252,,,,
22619,2011,"Montbéliard",1.74,117645,2047.023,,,,
26526,2014,"Lausanne",1.54,132788,2044.9352,,,,
20204,2009,"Pforzheim",1.7,119839,2037.263,,,,
19121,2008,"Pforzheim",1.7,119423,2030.191,,,,
23212,2011,"Maidstone",1.3,155143,2016.859,,,,
22685,2011,"Argenteuil - Bezons",1.52,132578,2015.1856,,,,
22646,2011,"Brive-la-Gaillarde",2.54,78826,2002.1804,,,,
18961,2008,"Namur",1.85,107939,1996.8715,,,,
22649,2011,"Châlons-en-Champagne",3.13,63278,1980.6014,,,,
23219,2011,"Torbay",1.5,130959,1964.385,,,,
22638,2011,"Compiègne",2.82,69278,1953.6396,,,,
23132,2011,"Harrow",0.8,239056,1912.448,,,,
23081,2011,"Wrexham",1.4,134844,1887.816,,,,
22631,2011,"Arras",2.02,92347,1865.4094,,,,
22642,2011,"Beauvais",2.35,78807,1851.9645,,,,
23109,2011,"Hartlepool",2,92028,1840.56,,,,
23115,2011,"Tamworth",2.3,76813,1766.699,,,,
19777,2008,"Trencín",3.1,56826,1761.606,,,,
19178,2008,"Málaga",0.31,566447,1755.9857,,,,
23402,2012,"Plauen",2.7,64468,1740.636,,,,
23214,2011,"Dacorum",1.2,144847,1738.164,,,,
19186,2008,"Pamplona/Iruña",0.88,197275,1736.02,,,,
22624,2011,"Boulogne-sur-Mer",1.46,117683,1718.1718,,,,
23207,2011,"Falkirk",1.09,155990,1700.291,,,,
23384,2012,"Iserlohn",1.8,94367,1698.606,,,,
19131,2008,"Witten",1.7,99598,1693.166,,,,
22677,2011,"CA du Plateau de Saclay",1.74,96890,1685.886,,,,
20214,2009,"Witten",1.7,99126,1685.142,,,,
22616,2011,"Annemasse",1.98,82245,1628.451,,,,
23170,2011,"Barnsley",0.7,231221,1618.547,,,,
22395,2011,"Limerick",2.8,56980,1595.44,,,,
22641,2011,"Saint-Quentin",2.18,73106,1593.7108,,,,
24360,2012,"Lausanne",1.23,129383,1591.4109,,,,
23104,2011,"Mansfield",1.5,104466,1566.99,,,,
25443,2013,"Lausanne",1.2,130421,1565.052,,,,
22644,2011,"Evreux",1.93,80545,1554.5185,,,,
23436,2012,"Solingen",1,155080,1550.8,,,,
22690,2011,"Saint-Quentin en Yvelines",1.05,144408,1516.284,,,,
23432,2012,"Hagen",0.8,187333,1498.664,,,,
23099,2011,"Tunbridge Wells",1.3,115049,1495.637,,,,
26533,2014,"Lugano (greater city)",1.81,82453,1492.3993,,,,
23224,2011,"Newcastle-under-Lyme",1.2,123871,1486.452,,,,
23215,2011,"Blackburn with Darwen",1,147489,1474.89,,,,
23418,2012,"Wetzlar",2.9,50826,1473.954,,,,
19202,2008,"L'Hospitalet de Llobregat",0.58,253782,1471.9356,,,,
23420,2012,"Passau",3,48623,1458.69,,,,
22212,2011,"Mons",1.57,92721,1455.7197,,,,
23112,2011,"Hastings",1.6,90254,1444.064,,,,
22676,2011,"Evry",1.24,114402,1418.5848,,,,
22972,2011,"Póvoa de Varzim",2.21,63483,1402.9743,,,,
19201,2008,"Gijón",0.5,275699,1378.495,,,,
23110,2011,"Cannock Chase",1.4,97462,1364.468,,,,
23114,2011,"Redditch",1.6,84214,1347.424,,,,
22687,2011,"Charleville-Mézières",1.95,67602,1318.239,,,,
19199,2008,"Alicante/Alacant",0.39,331750,1293.825,,,,
25450,2013,"Lugano (greater city)",1.5,80995,1214.925,,,,
22974,2011,"Vila Nova de Gaia",0.4,302541,1210.164,,,,
18958,2008,"Charleroi",0.6,201593,1209.558,,,,
22210,2011,"Namur",1.08,110175,1189.89,,,,
24366,2012,"Lugano",2.12,55151,1169.2012,,,,
23105,2011,"Chesterfield",1.1,103788,1141.668,,,,
26532,2014,"Lugano",1.81,62792,1136.5352,,,,
22667,2011,"CA Europ' Essonne",0.83,134577,1116.9891,,,,
23152,2011,"North Lanarkshire (Airdrie/Bellshill/Coatbridge/Motherwell)",0.33,337727,1114.4991,,,,
22973,2011,"Sintra",0.29,377680,1095.272,,,,
22650,2011,"Aubagne",0.98,103887,1018.0926,,,,
23079,2011,"Gravesham",1,101720,1017.2,,,,
22683,2011,"CA de la Vallée de Montmorency",0.92,108621,999.3132,,,,
25449,2013,"Lugano",1.6,61837,989.392,,,,
23113,2011,"Hyndburn",1.2,80734,968.808,,,,
23106,2011,"Burnley",1.1,87059,957.649,,,,
22673,2011,"Melun",0.88,107782,948.4816,,,,
22682,2011,"CA Val de France",0.68,139277,947.0836,,,,
22397,2011,"Waterford",2,46583,931.66,,,,
22674,2011,"Meaux",1.04,85777,892.0808,,,,
19192,2008,"Badajoz",0.6,146832,880.992,,,,
22965,2011,"Almada",0.5,174237,871.185,,,,
22679,2011,"CA du Val d'Orge",0.67,128483,860.8361,,,,
19180,2008,"Las Palmas",0.22,381123,838.4706,,,,
22658,2011,"Marne la Vallée",0.96,86812,833.3952,,,,
22975,2011,"Matosinhos",0.47,175600,825.32,,,,
22963,2011,"Seixal",0.52,158285,823.082,,,,
23453,2012,"Pforzheim",0.7,115211,806.477,,,,
22675,2011,"Mantes en Yvelines",0.89,88306,785.9234,,,,
22684,2011,"Martigues",1.09,70415,767.5235,,,,
22969,2011,"Viana do Castelo",0.86,88851,764.1186,,,,
19193,2008,"Logroño",0.5,150071,750.355,,,,
22643,2011,"Creil",1.04,71579,744.4216,,,,
22670,2011,"CA Val et Forêt",0.83,84001,697.2083,,,,
22952,2011,"Lisboa",0.12,548422,658.1064,,,,
23234,2011,"Derry & Strabane Local Government District",0.6,107877,647.262,,,,
22672,2011,"CA le Parisis",0.67,90662,607.4354,,,,
22678,2011,"CA de Seine Essonne",0.9,66130,595.17,,,,
22664,2011,"CA Marne et Chantereine",0.76,76221,579.2796,,,,
22971,2011,"Barreiro",0.72,78913,568.1736,,,,
22681,2011,"CA Sénart - Val de Seine",0.71,79893,567.2403,,,,
22959,2011,"Setúbal",0.46,121257,557.7822,,,,
22680,2011,"CA du Val d'Yerres",0.57,90151,513.8607,,,,
22962,2011,"Faro",0.77,64600,497.42,,,,
19104,2008,"Solingen",0.3,162575,487.725,,,,
20187,2009,"Solingen",0.3,161779,485.337,,,,
23118,2011,"City of London",5.8,7375,427.75,,,,
22668,2011,"CA Brie Francilienne",0.69,58896,406.3824,,,,
22954,2011,"Porto",0.17,238046,404.6782,,,,
22956,2011,"Braga",0.21,181481,381.1101,,,,
22976,2011,"Gondomar",0.22,168168,369.9696,,,,
22978,2011,"Vila Franca de Xira",0.27,136875,369.5625,,,,
22689,2011,"CA des Lacs de l'Essonne",0.62,58836,364.7832,,,,
22669,2011,"CA les Portes de l'Essonne",0.7,51916,363.412,,,,
22666,2011,"CC des Coteaux de la Seine",0.97,36813,357.0861,,,,
22970,2011,"Paredes",0.41,86849,356.0809,,,,
19194,2008,"Bilbao",0.1,353340,353.34,,,,
22665,2011,"CA des deux Rives de la Seine",0.53,65270,345.931,,,,
19118,2008,"Remscheid",0.3,113935,341.805,,,,
20201,2009,"Remscheid",0.3,112679,338.037,,,,
22968,2011,"Valongo",0.35,93901,328.6535,,,,
22967,2011,"Viseu",0.3,99313,297.939,,,,
22958,2011,"Coimbra",0.2,143589,287.178,,,,
22977,2011,"Guimarães",0.17,158211,268.9587,,,,
19207,2008,"A Coruña",0.1,245164,245.164,,,,
19190,2008,"Santander",0.13,182302,236.9926,,,,
22671,2011,"CC de l'Ouest de la Plaine de France",0.49,46599,228.3351,,,,
19185,2008,"Oviedo",0.1,220644,220.644,,,,
23450,2012,"Remscheid",0.2,110132,220.264,,,,
19200,2008,"Vigo",0.07,295703,206.9921,,,,
19191,2008,"Toledo",0.21,80810,169.701,,,,
22966,2011,"Odivelas",0.11,144444,158.8884,,,,
22964,2011,"Amadora",0.09,175141,157.6269,,,,
19203,2008,"Santa Cruz de Tenerife",0.07,221956,155.3692,,,,
22661,2011,"Sénart en Essonne",0.7,17157,120.099,,,,
22960,2011,"Ponta Delgada",0.17,68795,116.9515,,,,
19183,2008,"Santiago de Compostela",0.1,94339,94.339,,,,
22957,2011,"Funchal",0.02,111990,22.398,,,,
19770,2008,"Bratislava",0,428791,0,,,,
