Population on 1 January by age groups and sex - cities and greater cities [urb_cpop1],,,,,,,,,,
,,,,,,,,,,
Last update,21.06.18,,,,,,,,,
Extracted on,02.07.18,,,,,,,,,
Source of data,Eurostat,,,,,,,,,
,,,,,,,,,,
INDIC_UR,"Population on the 1st of January, total",,,,,,,,,
,,,,,,,,,,
CITIES/TIME,2008,2009,2010,2011,2012,2013,2014,2015,2016,2017
Belgium,"10,666,866","10,753,080","10,839,905","11,000,638","11,094,850","11,161,642","11,203,992","11,258,434","11,307,192",:
Bruxelles / Brussel,"1,048,491","1,068,532","1,089,538","1,136,778","1,159,448","1,174,624","1,183,841","1,196,831","1,201,129",:
Antwerpen,"472,071","477,936","483,505","498,473","507,368","512,230","513,915","515,593","517,731",:
Gent,"237,250","240,049","243,366","248,358","249,205","249,754","251,984","253,914","257,226",:
Charleroi,"201,593","202,234","202,598","204,150","204,762","204,826","203,640","203,228","202,602",:
Liège,"367,612","369,487","371,880","377,263","379,978","382,009","382,637","382,852","382,488",:
Brugge,"117,073","116,969","116,741","117,260","117,617","118,145","117,886","118,335","118,219",:
Namur,"107,939","108,514","108,950","110,175","110,753","111,224","111,348","111,312","110,738",:
Leuven,:,:,"95,463","97,270","98,056","98,119","98,591","98,531","99,365",:
Mons,:,:,"91,759","92,721","93,398","94,316","95,357","95,469","95,046",:
Kortrijk,:,:,"74,911","75,223","75,667","75,687","75,604","75,577","75,639",:
Oostende,:,:,"69,064","69,980","70,655","70,458","70,681","70,813","70,782",:
Bulgaria,"7,606,551","7,563,710","7,563,710","7,504,868","7,327,224","7,284,552","7,245,677","7,202,198","7,153,784",:
Sofia,"1,162,898","1,165,503","1,165,503","1,202,921","1,208,097","1,213,542","1,221,292","1,228,282","1,231,981",:
Plovdiv,"347,600","348,465","348,465","338,062","338,184","339,129","341,041","341,567","341,625",:
Varna,"318,313","320,837","320,837","334,486","334,781","334,744","335,819","335,949","334,466",:
Burgas,"188,861","193,765","193,765","200,261","199,484","199,083","199,364","198,725","203,017",:
Pleven,"112,372","111,426","111,426","107,101","105,673","104,416","103,122","101,978","99,628",:
Ruse,"156,959","156,509","156,509","149,750","149,134","148,350","147,817","147,055","145,765",:
Vidin,"50,185","49,471","49,471","48,095","47,382","46,877","46,068","45,327","43,595",:
Stara Zagora,"140,710","140,456","140,456","138,329","137,416","137,881","137,834","137,729","136,807",:
Sliven,:,:,"93,781","91,669","91,042","90,404","89,723","89,065","87,895",:
Dobrich,:,:,"92,672","91,045","90,375","89,627","88,807","87,817","86,292",:
Shumen,:,:,"86,824","80,947","80,511","80,143","79,710","78,884","77,709",:
Pernik,:,:,"78,920","80,264","79,169","78,371","77,382","76,247","74,824",:
Yambol,:,:,"77,174","74,201","73,268","72,778","72,159","71,561","70,224",:
Haskovo,:,:,"77,050","76,456","75,641","75,334","74,826","73,819","72,336",:
Pazardzhik,:,:,"75,346","72,032","71,437","71,195","70,728","70,321","69,384",:
Blagoevgrad,:,:,"70,404","70,902","70,656","70,562","70,583","70,293","69,610",:
Veliko Tarnovo,:,:,"67,099","68,799","68,735","68,871","68,984","68,676","68,320",:
Vratsa,:,:,"61,011","60,741","59,700","58,856","57,771","56,517","54,150",:
Czech Republic,"10,467,542","10,506,813","10,532,770","10,505,445","10,516,125","10,512,419","10,538,275","10,553,843",:,:
Praha,"1,233,211","1,249,026","1,257,158","1,241,664","1,246,780","1,243,201","1,259,079","1,267,449",:,:
Brno,"370,592","371,399","371,371","378,965","378,327","377,508","377,440","377,028",:,:
Ostrava,"307,767","306,006","303,609","299,622","297,421","295,653","294,200","292,681",:,:
Plzen,"169,273","169,935","168,808","167,302","167,472","168,034","169,033","169,858",:,:
Ústí nad Labem,"95,289","95,477","95,464","94,258","93,747","93,523","93,409","93,248",:,:
Olomouc,"100,373","100,362","100,233","99,529","99,471","99,489","99,809","100,154",:,:
Liberec,"100,914","101,625","101,865","102,005","102,113","102,301","102,562","103,288",:,:
Ceské Budejovice,"94,936","94,865","94,754","93,620","93,467","93,253","93,285","93,513",:,:
Hradec Králové,"94,497","94,493","94,318","93,490","93,035","92,904","92,808","92,891",:,:
Pardubice,"89,892","90,077","90,401","89,552","89,467","89,432","89,693","89,638",:,:
Zlín,"75,860","75,714","75,469","75,660","75,555","75,278","75,112","75,171",:,:
Kladno,"69,906","69,938","70,665","68,682","68,551","68,519","68,552","68,466",:,:
Karlovy Vary,"51,459","51,320","51,115","50,594","50,172","49,864","49,781","49,326",:,:
Jihlava,"51,143","51,222","51,154","50,669","50,598","50,510","50,521","50,714",:,:
Havírov,"83,558","82,896","82,022","78,503","77,371","76,109","75,049","74,101",:,:
Most,"67,438","67,518","67,466","67,058","67,490","67,332","67,089","67,002",:,:
Karviná,"62,661","61,948","60,679","58,833","57,842","56,848","55,985","55,163",:,:
Chomutov-Jirkov,"70,820","70,718","71,334","69,889","69,417","69,214","68,842","68,545",:,:
Denmark,:,:,:,"5,560,628","5,580,516","5,602,628",:,:,:,:
København,:,:,:,"539,542","549,050","559,440",:,:,:,:
Århus,:,:,:,"310,956","314,545","319,094",:,:,:,:
Odense,:,:,:,"190,245","191,610","193,370",:,:,:,:
Aalborg,:,:,:,"199,188","201,142","203,448",:,:,:,:
Germany,"82,217,837","82,002,356","81,802,257","81,751,602","80,327,900","80,523,746","80,767,463","81,197,537","82,175,684",:
Berlin,"3,416,255","3,431,675","3,442,675","3,460,725","3,326,002","3,375,222","3,421,829","3,469,849","3,520,031",:
Hamburg,"1,770,629","1,772,100","1,774,224","1,786,448","1,718,187","1,734,272","1,746,342","1,762,791","1,787,408",:
München,"1,311,573","1,326,807","1,330,440","1,353,186","1,364,920","1,388,308","1,407,836","1,429,584","1,450,381",:
Köln,"995,397","995,420","998,105","1,007,119","1,013,665","1,024,373","1,034,175","1,046,680","1,060,582",:
Frankfurt am Main,"659,021","664,838","671,927","679,664","676,533","687,775","701,350","717,624","732,688",:
Essen,"582,140","579,759","576,259","574,635","565,900","566,862","569,884","573,784","582,624",:
Stuttgart,"597,176","600,068","601,646","606,588","591,015","597,939","604,297","612,441","623,738",:
Leipzig,"510,512","515,469","518,862","522,883","510,043","520,838","531,562","544,479","560,472",:
Dresden,"507,513","512,234","517,052","523,058","517,765","525,105","530,754","536,308","543,825",:
Dortmund,"586,909","584,412","581,308","580,444","571,403","572,087","575,944","580,511","586,181",:
Düsseldorf,"581,122","584,217","586,217","588,735","589,649","593,682","598,686","604,527","612,178",:
Bremen,"547,769","547,360","547,685","547,340","544,043","546,451","548,547","551,767","557,464",:
Hannover,"518,069","519,619","520,966","522,686","509,485","514,137","518,386","523,642","532,163",:
Nürnberg,"503,110","503,638","503,673","505,664","490,085","495,121","498,876","501,072","509,975",:
Bochum,"381,542","378,596","376,319","374,737","362,585","362,213","361,734","361,876","364,742",:
Bielefeld,"324,912","323,615","323,084","323,270","327,199","328,314","328,864","329,782","333,090",:
Halle an der Saale,"234,295","233,013","232,323","232,963","230,494","231,440","231,565","232,470","236,991",:
Magdeburg,"230,140","230,047","230,456","231,525","228,910","229,924","231,021","232,306","235,723",:
Wiesbaden,"275,849","276,742","277,493","275,976","270,952","272,636","273,871","275,116","276,218",:
Göttingen,"121,513","121,455","121,457","121,060","116,052","116,650","116,891","117,665","118,914",:
Mülheim a.d.Ruhr,"168,925","168,288","167,471","167,344","166,804","166,654","166,640","167,108","169,278",:
Moers,"107,111","106,645","105,929","105,506","103,831","103,504","103,108","102,923","104,529",:
Darmstadt,"142,191","142,310","143,332","144,402","145,845","147,925","149,743","151,879","155,353",:
Trier,"103,888","104,640","104,587","105,260","106,284","106,544","107,233","108,472","114,914",:
Freiburg im Breisgau,"219,430","219,665","221,924","224,191","214,234","218,043","220,286","222,203","226,393",:
Regensburg,"132,495","133,525","134,218","135,520","136,352","138,296","140,276","142,292","145,465",:
Frankfurt (Oder),"61,969","61,286","60,625","60,330","59,063","58,537","58,018","57,649","58,092",:
Weimar,"64,720","64,938","65,233","65,479","62,886","63,236","63,315","63,477","64,131",:
Schwerin,"95,855","95,551","95,041","95,220","91,327","91,264","91,583","92,138","96,800",:
Erfurt,"202,929","203,333","203,830","204,994","201,952","203,485","204,880","206,219","210,118",:
Augsburg,"262,992","263,313","263,646","264,708","269,402","272,699","276,542","281,111","286,374",:
Bonn,"316,416","317,949","319,841","324,899","307,530","309,869","311,287","313,958","318,809",:
Karlsruhe,"288,917","290,736","291,959","294,761","291,995","296,033","299,103","300,051","307,755",:
Mönchengladbach,"260,018","258,848","258,251","257,993","254,834","255,087","255,430","256,853","259,996",:
Mainz,"198,118","197,623","197,778","199,237","201,002","202,756","204,268","206,991","209,779",:
Kiel,"236,902","237,579","238,281","239,526","237,667","239,866","241,533","243,148","246,306",:
Saarbrücken,"176,452","176,749","175,810","175,741","176,497","176,996","177,201","176,926","178,151",:
Potsdam,"150,833","152,966","154,606","156,906","157,603","159,456","161,468","164,042","167,745",:
Koblenz,"106,087","106,293","106,445","106,417","107,954","109,779","110,643","111,434","112,586",:
Rostock,"200,413","201,096","201,442","202,735","201,813","202,887","203,431","204,167","206,011",:
Kaiserslautern,"97,770","97,436","99,275","99,184","96,963","97,112","97,162","97,382","98,520",:
Iserlohn,"96,112","95,598","95,232","94,966","94,367","93,799","93,119","92,899","93,537",:
Esslingen am Neckar,"91,557","91,573","91,463","91,869","87,519","88,295","89,242","90,378","91,271",:
Hanau,"88,287","88,245","88,358","88,637","86,803","88,834","89,907","90,934","92,643",:
Wilhelmshaven,"82,192","81,411","81,137","81,324","76,926","76,545","75,728","75,534","75,995",:
Ludwigsburg,"87,349","87,207","87,460","87,735","86,939","88,200","89,639","91,116","92,973",:
Tübingen,"83,813","85,344","87,788","88,358","83,248","84,496","85,383","85,871","87,464",:
Villingen-Schwenningen,"81,417","81,246","80,941","81,022","80,268","80,923","81,128","81,916","84,674",:
Flensburg,"87,792","88,718","88,502","88,759","82,801","83,462","83,971","84,694","85,942",:
Marburg,"79,240","79,836","80,123","80,656","72,190","72,433","73,125","73,147","73,836",:
Konstanz,"81,511","82,608","83,644","84,693","78,539","79,645","81,141","81,692","82,859",:
Neumünster,"77,595","77,100","76,897","76,830","77,201","76,951","77,058","77,588","79,197",:
Brandenburg an der Havel,"72,954","72,516","72,264","71,778","71,381","71,149","71,032","71,032","71,574",:
Gießen,"74,593","75,140","76,090","77,366","74,776","76,680","77,733","83,280","84,455",:
Lüneburg,"72,299","72,492","72,800","72,983","73,581","74,121","71,668","72,546","74,072",:
Bayreuth,"73,097","72,935","72,576","72,683","71,214","71,482","71,572","71,601","72,148",:
Celle,"70,930","70,745","70,446","70,242","69,972","69,871","68,508","68,721","69,748",:
Aschaffenburg,"68,646","68,747","68,722","68,678","67,470","67,681","67,844","68,167","68,986",:
Bamberg,"69,884","69,989","69,827","70,004","70,712","70,863","71,167","71,952","73,331",:
Plauen,"67,613","66,870","66,412","66,098","64,468","64,218","63,967","64,077","65,201",:
Neubrandenburg,"66,735","65,879","65,137","65,282","64,027","63,509","63,437","63,311","63,602",:
Fulda,"64,097","64,129","64,177","64,349","64,414","64,779","65,036","65,540","67,253",:
Kempten (Allgäu),"61,703","62,135","62,007","62,060","64,300","64,625","65,044","65,624","66,947",:
Landshut,"62,629","62,606","62,735","63,258","64,277","65,322","66,179","67,509","69,211",:
Sindelfingen,"60,829","60,648","60,475","60,445","60,452","60,795","61,669","62,215","63,971",:
Rosenheim,"60,674","60,711","60,877","61,299","59,543","59,935","60,464","60,889","61,844",:
Frankenthal (Pfalz),"47,090","46,948","46,874","46,793","46,617","47,035","47,332","47,724","48,363",:
Stralsund,"58,027","57,866","57,778","57,670","56,921","57,357","57,301","57,525","58,041",:
Friedrichshafen,"58,484","58,848","58,726","59,002","57,153","57,333","57,153","58,350","59,108",:
Offenburg,"58,993","59,208","59,156","59,215","57,158","57,328","57,448","57,687","58,465",:
Görlitz,"56,724","56,461","55,957","55,596","54,441","54,242","54,042","54,193","55,255",:
Sankt Augustin,"55,844","55,624","55,524","55,442","54,100","54,109","54,285","54,631","55,709",:
Neu-Ulm,"52,866","52,866","53,034","53,504","53,300","53,888","54,969","55,689","57,237",:
Schweinfurt,"53,798","53,588","53,533","53,415","52,118","52,098","51,851","51,610","51,969",:
Greifswald,"53,845","54,131","54,362","54,610","55,949","55,771","56,445","56,685","57,286",:
Wetzlar,"51,934","51,780","51,497","51,499","50,826","51,063","51,135","51,262","51,649",:
Speyer,"50,673","49,930","49,811","49,857","49,712","49,764","49,740","49,855","50,284",:
Passau,"50,741","50,717","50,627","50,594","48,623","49,038","49,454","49,952","50,566",:
Dessau-Roßlau,"89,934","88,693","87,764","86,906","85,488","84,606","83,616","83,061","82,919",:
Duisburg,"496,665","494,048","491,931","489,559","487,470","486,816","486,855","485,465","491,231",:
Mannheim,"309,795","311,342","311,969","313,174","291,458","294,627","296,690","299,844","305,780",:
Gelsenkirchen,"264,765","262,063","259,744","257,981","257,994","257,607","257,850","257,651","260,368",:
Münster,"272,951","273,875","275,543","279,803","293,393","296,599","299,708","302,178","310,039",:
Chemnitz,"244,951","243,880","243,089","243,248","240,543","241,210","242,022","243,521","248,645",:
Braunschweig,"245,810","246,012","247,400","248,867","243,829","245,798","247,227","248,502","251,364",:
Aachen,"259,030","259,269","258,380","258,664","238,665","240,086","241,683","243,336","245,885",:
Krefeld,"236,516","236,333","235,414","235,076","221,864","222,026","222,058","222,500","225,144",:
Oberhausen,"217,108","215,670","214,024","212,945","210,256","210,005","209,097","209,292","210,934",:
Lübeck,"211,541","210,892","209,818","210,232","210,679","211,713","212,958","214,420","216,253",:
Hagen,"193,748","192,177","190,121","188,529","187,333","186,243","185,996","186,716","189,044",:
Kassel,"193,803","194,168","194,774","195,530","191,854","192,874","194,087","194,747","197,984",:
Hamm,"183,065","182,459","181,741","181,783","176,474","176,440","176,048","176,580","179,397",:
Herne,"168,454","166,924","165,632","164,762","154,887","154,563","154,417","154,608","155,851",:
Solingen,"162,575","161,779","160,992","159,927","155,080","155,316","155,768","156,771","158,726",:
Osnabrück,"162,870","163,286","163,514","164,119","154,513","155,625","156,315","156,897","162,403",:
Ludwigshafen am Rhein,"163,777","163,467","163,340","164,351","158,637","160,179","161,518","163,832","164,718",:
Leverkusen,"161,345","161,322","160,593","160,772","159,373","159,926","160,819","161,540","163,487",:
Oldenburg (Oldenburg),"159,563","160,279","161,334","162,173","157,706","158,658","159,610","160,907","163,830",:
Neuss,"151,449","151,254","151,280","151,388","151,070","151,486","152,252","152,644","155,414",:
Heidelberg,"145,311","145,642","146,466","147,312","148,415","150,335","152,113","154,715","156,267",:
Paderborn,"144,181","144,811","145,320","146,283","143,174","143,575","143,659","145,176","148,126",:
Würzburg,"135,212","133,501","133,195","133,799","124,449","124,577","124,698","124,219","124,873",:
Recklinghausen,"120,536","120,059","119,050","118,365","115,648","115,385","115,320","114,147","114,330",:
Wolfsburg,"120,009","120,538","121,109","121,451","120,889","121,758","122,457","123,027","124,045",:
Bremerhaven,"115,313","114,506","114,031","113,366","108,139","108,323","108,844","110,121","114,025",:
Bottrop,"118,597","117,756","117,241","116,771","117,074","116,498","116,055","116,017","117,143",:
Heilbronn,"121,627","122,098","122,415","122,879","116,716","117,531","118,122","119,841","122,567",:
Remscheid,"113,935","112,679","111,422","110,563","110,132","109,352","108,955","109,009","109,499",:
Offenbach am Main,"118,245","118,977","118,770","120,435","114,855","116,945","119,203","120,988","123,734",:
Ulm,"121,434","121,648","122,087","122,801","117,541","117,977","119,218","120,714","122,636",:
Pforzheim,"119,423","119,839","119,788","119,781","115,211","116,425","117,754","119,291","122,247",:
Ingolstadt,"123,055","123,925","124,387","125,088","126,076","127,886","129,136","131,002","132,438",:
Gera,"101,618","100,643","99,987","99,262","95,746","95,384","94,977","94,492","96,011",:
Salzgitter,"105,320","104,423","103,446","102,394","98,588","98,095","98,197","98,966","101,079",:
Reutlingen,"112,458","112,176","112,132","112,484","110,084","110,681","111,357","112,452","114,310",:
Fürth,"114,130","114,071","114,044","114,628","116,640","118,358","119,808","121,519","124,171",:
Cottbus,"102,811","101,785","101,671","102,091","99,974","99,913","99,595","99,491","99,687",:
Siegen,"105,049","104,419","103,984","103,424","99,230","99,261","99,403","100,325","102,355",:
Bergisch Gladbach,"105,840","105,901","105,699","105,723","109,026","109,138","109,425","109,697","111,366",:
Hildesheim,"103,593","103,288","102,903","102,794","102,584","102,487","99,979","99,979","101,667",:
Witten,"99,598","99,126","98,601","98,233","96,221","96,136","95,629","95,907","96,700",:
Zwickau,"95,841","94,887","94,340","93,750","93,081","92,227","91,564","91,066","91,123",:
Erlangen,"104,650","104,980","105,554","105,629","104,312","105,412","105,624","106,423","108,336",:
Wuppertal,"356,420","353,308","351,050","349,721","342,570","342,885","343,488","345,425","350,046",:
Jena,"102,752","103,392","104,449","105,129","106,428","106,915","107,679","108,207","109,527",:
"Düren, Stadt",:,:,:,:,:,:,:,:,"90,244",:
"Bocholt, Stadt",:,:,:,:,:,:,:,:,"71,443",:
Estonia,"1,363,310","1,364,112","1,365,275","1,294,455","1,325,217","1,320,174","1,315,819","1,313,271","1,315,944",:
Tallinn,"401,389","403,930","406,665","393,222","403,862","406,059","411,063","413,782","423,420",:
Tartu,"98,706","98,475","98,387","97,600","99,558","99,518","98,449","97,332","93,687",:
Narva,:,:,"65,495","58,663","60,454","59,888","59,049","58,375","58,204",:
Ireland,:,:,:,"4,570,881",:,:,:,:,:,:
Dublin,:,:,:,"516,255",:,:,:,:,:,:
Dublin (greater city),"1,252,700","1,258,500","1,259,600","1,261,500","1,262,900","1,262,400","1,274,600","1,305,300","1,325,700",:
Cork,:,:,:,"118,713",:,:,:,:,:,:
Limerick,:,:,:,"56,980",:,:,:,:,:,:
Galway,:,:,:,"73,963",:,:,:,:,:,:
Waterford,:,:,:,"46,583",:,:,:,:,:,:
Greece,"11,319,316","11,366,372",:,"10,816,286",:,:,:,:,:,:
Athina,"799,686","799,979",:,"664,046",:,:,:,:,:,:
Athina (greater city),"2,969,219","2,989,023",:,"2,641,511",:,"2,622,404",:,:,:,:
Thessaloniki,"377,542","376,047",:,"315,196",:,:,:,:,:,:
Pátra,"184,962","187,086",:,"170,896",:,:,:,:,:,:
Irakleio,"154,812","156,315",:,"151,324",:,:,:,:,:,:
Larisa,"142,316","143,148",:,"146,926",:,:,:,:,:,:
Volos,"87,009","87,059",:,"86,046",:,:,:,:,:,:
Ioannina,"87,855","90,270",:,"80,371",:,:,:,:,:,:
Kavala,"65,229","65,372",:,"58,790",:,:,:,:,:,:
Kalamata,"68,895","70,018",:,"62,409",:,:,:,:,:,:
Spain,"46,157,822",:,"47,021,031","46,815,916","47,265,321","47,129,783","46,771,341","46,449,565","46,445,828",:
Madrid,"3,213,271","3,255,944","3,273,049","3,198,645","3,233,527","3,207,247","3,165,235","3,141,991","3,165,541",:
Madrid,:,:,:,:,:,:,:,"4,852,911","4,878,277",:
Barcelona,"1,615,908","1,621,537","1,619,337","1,611,013","1,620,943","1,611,822","1,602,386","1,604,555","1,608,746",:
Barcelona,:,:,"3,191,076","3,184,502","3,202,571","3,190,951","3,176,357","3,610,906","3,624,554",:
Valencia,"807,200","814,208","809,267","792,054","797,028","792,303","786,424","786,189","790,201",:
Valencia,:,:,:,:,:,:,:,"1,383,908","1,388,368",:
Sevilla,"699,759","703,206","704,198","698,042","702,355","700,169","696,676","693,878","690,566",:
Sevilla,:,:,:,:,:,:,:,"881,439","879,806",:
Zaragoza,"666,129","674,317","675,121","678,115","679,624","682,004","666,058","664,953","661,108",:
Málaga,"566,447","568,305","568,507","561,435","567,433","568,479","566,913","569,130","569,009",:
Murcia,"430,571","436,870","441,345","437,667","441,354","438,246","439,712","439,889","441,003",:
Las Palmas,"381,123","381,847","383,308","381,271","382,296","383,050","382,283","379,766","378,998",:
Valladolid,"318,461","317,864","315,522","311,682","311,501","309,714","306,830","303,905","301,876",:
Palma de Mallorca,"396,570","401,270","404,681","402,044","407,648","398,162","399,093","400,578","402,949",:
Santiago de Compostela,"94,339","95,092","94,824","95,397","95,671","96,041","95,800","95,612","95,966",:
Vitoria/Gasteiz,"232,477","235,661","238,247","240,753","242,223","241,386","242,082","243,918","244,634",:
Oviedo,"220,644","224,005","225,155","225,005","225,973","225,089","223,765","221,870","220,567",:
Pamplona/Iruña,"197,275","198,491","197,488","195,943","197,604","196,955","196,166","195,853","195,650",:
Pamplona/Iruña,:,:,:,:,:,:,:,"319,405","320,318",:
Santander,"182,302","182,700","181,589","178,095","178,465","177,123","175,736","173,957","172,656",:
Toledo,"80,810","82,291","82,489","83,872","84,019","83,593","83,334","83,226","83,459",:
Badajoz,"146,832","148,334","150,376","151,214","152,270","150,621","150,517","149,892","149,946",:
Logroño,"150,071","152,107","152,650","152,698","153,402","153,066","151,962","151,344","150,876",:
Bilbao,"353,340","354,860","353,187","351,356","351,629","349,356","346,574","345,141","345,122",:
Bilbao,:,:,"787,084","785,036","785,793","782,365","777,787","792,211","790,689",:
Córdoba,"325,453","328,428","328,547","328,326","328,841","328,704","328,041","327,362","326,609",:
Alicante/Alacant,"331,750","334,757","334,418","329,325","334,678","335,052","332,067","328,648","330,525",:
Vigo,"295,703","297,332","297,124","295,623","297,355","296,479","294,997","294,098","292,817",:
Gijón,"275,699","277,554","277,198","276,969","277,733","275,274","275,735","274,290","273,422",:
L'Hospitalet de Llobregat,"253,782","257,038","258,642","256,509","257,057","254,056","253,518","252,171","254,804",:
Santa Cruz de Tenerife,"221,956","222,417","222,643","204,476","206,965","206,593","205,279","203,811","203,585",:
Santa Cruz de Tenerife,:,:,:,:,:,:,:,"356,654","356,696",:
A Coruña,"245,164","246,056","246,047","245,053","246,146","245,923","244,810","243,870","243,978",:
Barakaldo,:,:,"99,321","100,064","100,369","100,502","100,080","100,228","100,025",:
Reus,:,:,"106,622","106,849","107,211","106,790","104,962","103,194","103,615",:
Telde,:,:,"100,900","101,080","101,300","102,170","102,076","102,078","102,164",:
Parla,:,:,"120,182","122,045","124,208","125,634","125,323","125,056","124,661",:
Lugo,:,:,"97,635","98,001","98,457","98,761","98,560","98,134","98,268",:
San Fernando,:,:,"96,689","96,786","96,772","96,361","96,335","96,131","95,949",:
Girona,:,:,"96,236","96,113","97,198","97,292","97,227","97,586","98,255",:
Cáceres,:,:,"94,179","95,616","95,668","95,925","95,855","95,617","95,814",:
Torrevieja,:,:,"101,091","90,097","103,720","105,205","91,415","88,447","84,213",:
Pozuelo de Alarcón,:,:,"82,804","83,371","83,844","84,474","84,360","84,558","84,989",:
"Puerto de Santa María, El",:,:,"88,503","89,012","89,068","89,142","88,700","88,335","88,184",:
Coslada,:,:,"91,218","89,155","91,832","91,425","88,847","86,919","84,533",:
Avilés,:,:,"84,202","82,938","83,107","82,568","81,659","80,880","80,114",:
Talavera de la Reina,:,:,"88,986","87,676","88,755","88,548","86,779","85,150","84,119",:
Palencia,:,:,"82,169","81,089","81,198","80,649","80,178","79,595","79,137",:
Sant Boi de Llobregat,:,:,"82,411","82,666","83,070","83,408","83,107","82,195","82,402",:
Ferrol,:,:,"73,638","71,690","71,997","71,232","70,389","69,452","68,308",:
Pontevedra,:,:,"81,981","82,346","82,684","82,934","82,946","82,539","82,549",:
Ceuta,:,:,"80,579","83,517","84,018","84,180","84,963","84,263","84,519",:
Gandia,:,:,"79,430","77,595","79,010","78,543","76,497","75,514","74,814",:
"Rozas de Madrid, Las",:,:,"88,065","89,885","90,390","91,806","92,784","93,520","94,471",:
Guadalajara,:,:,"83,789","84,404","84,803","84,504","83,720","83,391","83,633",:
Sant Cugat del Vallès,:,:,"81,745","84,934","84,946","86,108","87,118","87,830","88,921",:
Manresa,:,:,"76,209","76,311","76,570","76,170","75,297","74,655","74,752",:
Getxo,:,:,"80,277","80,252","80,026","79,839","79,544","78,846","78,554",:
Rubí,:,:,"73,591","74,321","74,484","74,468","74,353","74,536","75,167",:
Ciudad Real,:,:,"74,345","75,071","74,921","74,872","74,960","74,427","74,054",:
Benidorm,:,:,"71,198","68,045","72,991","73,768","69,010","69,045","66,642",:
Melilla,:,:,"76,034","81,323","80,802","83,679","84,509","85,584","86,026",:
Viladecans,:,:,"64,077","64,999","65,188","65,444","65,358","65,549","65,779",:
Ponferrada,:,:,"68,767","68,383","68,549","68,121","67,367","66,884","66,447",:
San Sebastián de los Reyes,:,:,"78,157","80,561","81,466","82,090","83,329","84,944","86,206",:
Zamora,:,:,"65,998","65,417","65,362","64,986","64,423","63,831","63,217",:
Fuengirola,:,:,"71,783","72,019","75,953","77,397","75,856","77,525","77,486",:
Cerdanyola del Vallès,:,:,"58,407","57,674","57,892","57,642","57,402","57,413","57,543",:
Sanlúcar de Barrameda,:,:,"66,541","67,232","67,308","67,301","67,385","67,433","67,620",:
Vilanova i la Geltrú,:,:,"66,532","66,074","66,591","66,275","65,941","65,684","65,972",:
"Prat de Llobregat, El",:,:,"63,434","62,981","63,162","63,419","62,866","63,014","63,457",:
"Línea de la Concepción, La",:,:,"64,645","65,412","64,704","62,697","63,132","63,352","63,278",:
Cornellà de Llobregat,:,:,"87,240","86,504","87,458","86,687","86,234","86,376","86,072",:
Majadahonda,:,:,"69,439","69,587","70,198","70,386","70,359","70,800","70,755",:
Torremolinos,:,:,"66,957","66,270","68,961","69,389","67,353","67,492","67,786",:
Castelldefels,:,:,"62,250","61,858","62,989","63,077","63,255","63,891","64,892",:
Irun,:,:,"60,938","60,747","61,102","61,113","61,195","61,481","61,608",:
Granollers,:,:,"59,691","59,571","59,954","59,753","59,930","60,101","60,174",:
Arrecife,:,:,"58,156","55,381","56,284","55,673","56,880","56,940","58,537",:
Elda,:,:,"54,815","54,357","54,536","54,056","53,540","53,248","52,745",:
Elda,:,:,:,:,:,:,:,"87,834","87,278",:
Santa Lucía de Tirajana,:,:,"64,845","66,725","67,291","68,506","68,544","69,069","69,178",:
Mollet del Vallès,:,:,"52,459","52,096","52,242","51,954","51,719","51,650","51,491",:
Granada,:,:,"239,154","241,003","239,017","237,818","237,540","235,800","234,758",:
Granada,:,:,:,:,:,:,:,"398,707","399,562",:
Badalona,:,:,"218,886","219,241","220,977","219,708","217,210","215,654","215,634",:
Móstoles,:,:,"206,015","203,493","206,031","206,451","205,712","206,263","205,614",:
Elche/Elx,:,:,"230,822","227,417","230,587","230,224","228,647","227,312","227,659",:
Cartagena,:,:,"214,165","215,757","216,655","217,641","216,451","216,301","214,759",:
Sabadell,:,:,"207,338","206,949","207,938","207,649","207,444","207,814","208,246",:
Jerez de la Frontera,:,:,"208,896","211,784","211,900","211,670","212,226","212,876","212,830",:
Fuenlabrada,:,:,"198,973","196,986","198,132","197,520","195,864","195,180","194,171",:
San Sebastián/Donostia,:,:,"185,506","185,512","186,409","186,500","186,126","186,095","186,064",:
Alcalá de Henares,:,:,"204,120","200,505","203,924","204,823","200,768","198,750","195,907",:
Terrassa,:,:,"212,724","214,406","215,678","215,055","215,517","215,214","215,121",:
Leganés,:,:,"187,227","185,758","187,125","186,995","186,696","186,907","187,173",:
Almería,:,:,"190,013","189,680","191,443","192,697","193,351","194,203","194,515",:
Burgos,:,:,"178,574","178,864","179,906","179,097","177,776","177,100","176,608",:
Salamanca,:,:,"154,462","151,658","152,048","149,528","148,042","146,438","144,949",:
Alcorcón,:,:,"168,299","167,217","169,308","169,773","170,336","167,136","167,354",:
Getafe,:,:,"169,130","168,642","171,280","172,526","173,057","174,921","176,659",:
Albacete,:,:,"170,475","171,999","172,472","172,693","172,487","172,121","172,426",:
Castellón de la Plana/Castelló de la Plana,:,:,"180,690","176,298","180,204","180,185","173,841","171,669","170,990",:
Huelva,:,:,"149,310","147,808","148,568","148,101","147,212","146,318","145,468",:
Cádiz,:,:,"125,826","124,014","123,948","122,990","121,739","120,468","118,919",:
León,:,:,"134,012","131,411","131,680","130,601","129,551","127,817","126,192",:
San Cristóbal de la Laguna,:,:,"152,222","152,025","153,224","151,718","153,009","152,843","153,111",:
Tarragona,:,:,"140,184","133,223","133,954","133,545","132,199","131,255","131,094",:
Santa Coloma de Gramenet,:,:,"120,060","119,391","120,593","120,029","118,738","116,950","117,153",:
Jaén,:,:,"116,790","116,469","116,731","116,176","115,837","115,395","114,658",:
Lleida,:,:,"137,387","137,283","139,834","139,809","139,176","138,542","138,144",:
Ourense,:,:,"108,673","107,314","107,597","107,542","106,905","106,231","105,893",:
Mataró,:,:,"122,905","123,367","124,084","124,099","124,280","124,867","125,517",:
Dos Hermanas,:,:,"125,086","128,433","128,794","129,719","130,369","131,317","131,855",:
Algeciras,:,:,"116,417","117,695","116,917","114,277","117,974","118,920","120,601",:
Marbella,:,:,"136,322","135,124","140,473","142,018","138,679","139,537","140,744",:
Torrejón de Ardoz,:,:,"118,441","123,213","125,331","123,761","126,878","126,934","126,981",:
Alcobendas,:,:,"110,080","110,351","111,040","112,196","112,188","113,055","113,340",:
Alcalá de Guadaíra,:,:,:,:,:,:,:,"74,845","75,080",:
Alcoy,:,:,:,:,:,:,:,"59,567","59,198",:
Ávila,:,:,:,:,:,:,:,"58,358","58,083",:
Benalmádena,:,:,:,:,:,:,:,"66,598","67,245",:
Chiclana de la Frontera,:,:,:,:,:,:,:,"82,777","82,645",:
Collado Villalba,:,:,:,:,:,:,:,"62,056","61,597",:
Cuenca,:,:,:,:,:,:,:,"55,428","55,102",:
Eivissa,:,:,:,:,:,:,:,"49,975","49,549",:
Linares,:,:,:,:,:,:,:,"59,737","58,829",:
Lorca,:,:,:,:,:,:,:,"91,714","91,730",:
Mérida,:,:,:,:,:,:,:,"58,971","59,174",:
Sagunto,:,:,:,:,:,:,:,"64,944","64,439",:
Torrelavega,:,:,:,:,:,:,:,"53,496","52,819",:
Valdemoro,:,:,:,:,:,:,:,"72,854","72,988",:
Puerto de la Cruz,:,:,:,:,:,:,:,"29,412","29,497",:
Puerto de la Cruz,:,:,:,:,:,:,:,"65,688","65,646",:
Paterna,:,:,:,:,:,:,:,"67,340","67,854",:
Igualada,:,:,:,:,:,:,:,"38,751","38,987",:
Igualada,:,:,:,:,:,:,:,"60,851","61,007",:
Torrent,:,:,:,:,:,:,:,"80,107","80,762",:
Mislata,:,:,:,:,:,:,:,"43,320","42,988",:
Rivas-Vaciamadrid,:,:,:,:,:,:,:,"81,473","82,715",:
Santurtzi,:,:,:,:,:,:,:,"46,284","46,043",:
Esplugues de Llobregat,:,:,:,:,:,:,:,"45,626","45,733",:
San Vicente del Raspeig/Sant Vicent del Raspeig,:,:,:,:,:,:,:,"56,302","56,715",:
France,:,"64,291,153","64,611,814","64,932,944","65,240,637","65,615,841","65,907,160",:,:,:
Paris,:,"2,233,906","2,243,718","2,249,977","2,240,681","2,229,870","2,220,445",:,:,:
Paris (greater city),:,:,:,"6,695,406","6,707,750","6,728,051","6,754,282",:,:,:
Lyon,:,"1,282,085","1,293,288","1,307,101","1,321,495","1,333,618","1,351,078",:,:,:
Toulouse,:,"700,210","704,454","714,318","725,052","734,976","746,919",:,:,:
Strasbourg,:,"468,402","468,242","470,109","473,495","475,993","477,655",:,:,:
Bordeaux,:,"708,797","714,191","720,028","730,116","742,115","753,601",:,:,:
Nantes,:,"582,132","587,478","593,983","602,853","609,199","619,240",:,:,:
Lille,:,"1,109,020","1,112,454","1,113,813","1,119,832","1,128,828","1,133,920",:,:,:
Montpellier,:,"413,068","417,540","427,532","434,189","441,929","450,051",:,:,:
Saint-Etienne,:,"374,669","374,369","372,730","374,922","376,266","375,242",:,:,:
Le Havre,:,"241,080","239,675","238,171","237,066","236,040","236,391",:,:,:
Rennes,:,"394,201","398,319","402,331","408,428","414,186","420,363",:,:,:
Amiens,:,"175,519","175,369","175,438","175,024","175,387","175,201",:,:,:
Nancy,:,"257,054","257,072","256,224","256,004","254,030","254,788",:,:,:
Metz,:,"220,005","219,236","218,431","217,799","217,104","216,029",:,:,:
Reims,:,"208,597","207,692","208,144","209,421","210,177","210,798",:,:,:
Orléans,:,"272,204","273,083","273,877","275,083","276,686","279,549",:,:,:
Dijon,:,"245,047","243,959","244,941","245,685","247,164","249,025",:,:,:
Poitiers,:,"136,022","135,033","135,432","135,635","135,730","136,069",:,:,:
Clermont-Ferrand,:,"279,385","280,219","281,605","282,737","283,635","284,672",:,:,:
Caen,:,"217,283","216,919","216,838","217,281","217,219","217,659",:,:,:
Limoges,:,"199,096","200,115","199,125","198,109","197,643","197,700",:,:,:
Besançon,:,"177,142","176,985","176,472","177,517","178,653","178,853",:,:,:
Grenoble,:,"396,959","398,287","402,326","405,156","408,046","409,490",:,:,:
Ajaccio,:,"78,023","79,501","81,104","80,751","82,327","83,756",:,:,:
Saint Denis,:,"198,078","197,454","197,970","199,243","197,245","200,090",:,:,:
Fort-de-France,:,"165,428","164,053","163,632","162,081","160,980","160,498",:,:,:
Toulon,:,"424,336","423,219","422,425","425,609","425,505","427,839",:,:,:
Valenciennes,:,"191,416","191,694","191,606","190,896","190,436","191,544",:,:,:
Tours,:,"277,989","277,791","278,974","280,405","281,151","283,071",:,:,:
Angers,:,"262,634","263,761","265,521","267,119","269,176","272,621",:,:,:
Brest,:,"207,646","207,243","206,823","206,661","207,142","207,726",:,:,:
Le Mans,:,"182,681","182,918","183,750","184,466","185,346","185,053",:,:,:
Avignon,:,"175,659","176,034","176,940","176,729","177,830","180,619",:,:,:
Mulhouse,:,"251,271","250,507","251,896","253,504","255,337","254,678",:,:,:
Dunkerque,:,"197,151","196,206","195,161","194,642","193,806","194,468",:,:,:
Perpignan,:,"252,044","253,119","255,509","259,165","261,939","264,105",:,:,:
Nîmes,:,"230,961","233,278","237,203","239,919","244,598","245,607",:,:,:
Pau,:,"148,591","147,739","146,975","145,674","145,163","145,774",:,:,:
Bayonne,:,"121,724","122,122","122,907","124,706","126,064","125,992",:,:,:
Annemasse,:,"78,457","80,376","82,245","84,040","86,540","88,276",:,:,:
Annecy,:,"135,940","138,745","139,792","140,222","142,933","146,154",:,:,:
Lorient,:,"185,977","185,559","186,150","186,967","188,026","187,859",:,:,:
Montbéliard,:,"117,721","117,495","117,645","117,063","116,166","115,356",:,:,:
Troyes,:,"126,477","125,693","125,256","125,859","126,165","127,595",:,:,:
Saint-Nazaire,:,"115,927","117,171","117,197","118,804","120,497","122,165",:,:,:
La Rochelle,:,"145,921","147,237","147,747","147,556","148,498","149,937",:,:,:
Angoulême,:,"103,895","103,172","103,578","104,137","103,977","104,195",:,:,:
Boulogne-sur-Mer,:,"118,902","118,304","117,683","117,833","117,234","116,589",:,:,:
Chambéry,:,"121,527","122,606","124,356","124,402","125,481","127,027",:,:,:
Chalon-sur-Saône,:,"105,101","104,907","105,088","105,136","106,018","106,018",:,:,:
Chartres,:,"108,629","109,749","110,545","110,741","110,582","110,879",:,:,:
Niort,:,"101,532","102,931","103,730","103,707","103,874","105,297",:,:,:
Calais,:,"96,377","95,866","95,494","95,358","95,662","99,704",:,:,:
Béziers,:,"108,027","108,375","109,129","111,208","113,785","115,420",:,:,:
Arras,:,"92,359","92,191","92,347","92,786","92,618","93,235",:,:,:
Bourges,:,"95,997","95,950","96,444","96,767","97,435","96,905",:,:,:
Saint-Brieuc,:,"113,801","114,543","115,069","115,581","115,905","115,719",:,:,:
Quimper,:,"86,210","86,546","86,714","87,037","87,421","87,698",:,:,:
Vannes,:,"130,259","131,323","132,680","133,852","135,807","136,894",:,:,:
Cherbourg,:,"83,294","82,437","81,709","81,130","81,003","80,959",:,:,:
Tarbes,:,"74,995","74,442","74,520","73,677","73,340","73,461",:,:,:
Compiègne,:,"70,489","70,264","69,278","69,951","70,396","70,718",:,:,:
Belfort,:,"94,848","95,255","95,608","95,989","96,300","96,203",:,:,:
Roanne,:,"69,189","69,373","68,840","68,431","68,140","67,993",:,:,:
Saint-Quentin,:,"72,561","72,700","73,106","73,044","72,493","72,597",:,:,:
Beauvais,:,"79,221","79,380","78,807","78,770","79,787","79,389",:,:,:
Creil,:,"71,821","71,033","71,579","71,618","72,257","73,717",:,:,:
Evreux,:,"82,025","81,585","80,545","81,100","81,420","81,475",:,:,:
Châteauroux,:,"73,837","72,923","72,323","71,750","72,014","71,689",:,:,:
Brive-la-Gaillarde,:,"78,930","79,276","78,826","78,049","77,504","77,759",:,:,:
Albi,:,"79,999","80,173","80,729","80,962","81,334","81,862",:,:,:
Fréjus,:,"86,479","85,449","85,961","86,635","87,031","88,078",:,:,:
Châlons-en-Champagne,:,"64,247","63,368","63,278","63,594","63,606","63,966",:,:,:
Aubagne,:,"103,904","104,264","103,887","103,364","103,477","104,073",:,:,:
Aix-en-Provence,:,"355,951","355,763","355,721","358,122","360,109","362,907",:,:,:
Marseille,:,"1,038,933","1,041,294","1,042,873","1,045,805","1,049,857","1,054,116",:,:,:
Nice,:,"520,252","521,673","522,008","520,990","519,525","521,504",:,:,:
CA de Sophia-Antipolis,:,"174,162","173,452","174,592","174,277","174,322","174,122",:,:,:
Lens - Liévin,:,"245,741","244,473","243,907","242,680","241,629","242,586",:,:,:
Hénin - Carvin,:,"123,067","123,702","124,461","124,049","124,368","124,841",:,:,:
Douai,:,"152,270","152,231","151,968","151,551","150,935","150,123",:,:,:
Marne la Vallée,:,"86,284","86,432","86,812","87,712","87,705","87,601",:,:,:
Versailles,:,"182,143","181,474","181,861","181,024","182,105","182,515",:,:,:
CC de la Boucle de la Seine,:,"169,184","169,624","170,305","170,904","170,904","171,347",:,:,:
Sénart en Essonne,:,"16,195","16,665","17,157","18,169","18,855","19,536",:,:,:
Valence,:,"119,332","118,805","119,553","119,642","119,293","120,475",:,:,:
Rouen,:,"486,492","486,298","487,136","488,706","488,826","489,923",:,:,:
CA Marne et Chantereine,:,"74,791","75,471","76,221","77,294","77,587","78,216",:,:,:
CA des deux Rives de la Seine,:,"64,771","65,014","65,270","64,784","65,196","65,905",:,:,:
CC des Coteaux de la Seine,:,"36,565","36,692","36,813","36,726","37,060","37,182",:,:,:
CA Europ' Essonne,:,"130,194","132,556","134,577","136,031","139,260","143,182",:,:,:
CA Brie Francilienne,:,"57,490","57,884","58,896","60,151","60,396","61,089",:,:,:
CA les Portes de l'Essonne,:,"52,167","52,147","51,916","51,886","52,908","54,972",:,:,:
CA Val et Forêt,:,"83,923","83,879","84,001","84,505","85,604","86,384",:,:,:
CC de l'Ouest de la Plaine de France,:,"45,715","46,088","46,599","46,875","47,286","47,930",:,:,:
CA le Parisis,:,"88,262","89,355","90,662","91,879","92,702","94,139",:,:,:
Melun,:,"106,877","107,750","107,782","109,060","109,301","110,209",:,:,:
Meaux,:,"82,726","84,197","85,777","87,698","89,045","88,978",:,:,:
Mantes en Yvelines,:,"86,735","87,417","88,306","89,678","91,988","91,748",:,:,:
Evry,:,"115,156","114,720","114,402","114,503","115,985","116,430",:,:,:
CA du Plateau de Saclay,:,"96,259","96,416","96,890","96,738","98,152","100,039",:,:,:
CA de Seine Essonne,:,"64,315","65,040","66,130","67,904","69,872","71,836",:,:,:
CA du Val d'Orge,:,"125,748","126,577","128,483","130,024","131,450","131,668",:,:,:
CA du Val d'Yerres,:,"89,887","90,035","90,151","90,878","91,709","92,146",:,:,:
CA Sénart - Val de Seine,:,"78,499","78,711","79,893","82,324","83,408","83,823",:,:,:
CA Val de France,:,"139,954","138,883","139,277","139,967","140,742","140,658",:,:,:
CA de la Vallée de Montmorency,:,"108,621","108,422","108,621","109,254","109,425","109,781",:,:,:
Martigues,:,"69,181","70,184","70,415","70,472","70,988","72,077",:,:,:
Argenteuil - Bezons,:,"130,844","131,088","132,578","133,101","134,639","137,296",:,:,:
Cergy-Pontoise,:,"190,427","190,975","192,809","194,734","195,514","197,985",:,:,:
Charleville-Mézières,:,"67,712","67,751","67,602","67,975","67,300","66,831",:,:,:
Colmar,:,"95,437","95,857","95,881","95,920","96,999","98,002",:,:,:
CA des Lacs de l'Essonne,:,"58,493","58,685","58,836","58,934","58,848","59,645",:,:,:
Saint-Quentin en Yvelines,:,"144,714","144,228","144,408","144,467","144,929","144,881",:,:,:
Cannes,:,:,:,:,:,:,"73,744",:,:,:
Zagreb,:,:,:,:,:,"791,946","793,049","799,999","801,349",:
Rijeka,:,:,:,:,:,"126,215","124,838","123,725","121,975",:
Slavonski Brod,:,:,:,:,:,"58,265","57,764","57,797","56,769",:
Osijek,:,:,:,:,:,"106,964","106,345","106,610","105,921",:
Split,:,:,:,:,:,"176,352","175,353","174,333","173,109",:
Pula - Pola,:,:,:,:,:,:,:,"56,676","56,540",:
Zadar,:,:,:,:,:,:,:,"75,537","75,346",:
Italy,"59,619,290",:,"60,340,328","59,364,690","59,394,207","59,685,227","60,782,668","60,795,612","60,665,551",:
Roma,"2,718,768","2,724,347","2,743,796","2,608,530","2,614,263","2,638,842","2,863,322","2,872,021","2,864,731",:
Milano,"1,299,633","1,295,705","1,307,495","1,230,912","1,240,173","1,262,101","1,324,169","1,337,155","1,345,851",:
Milano (greater city),:,:,"3,154,102","3,854,555","3,875,801","3,925,767","4,038,864","4,061,382","4,074,585",:
Napoli,"973,132","963,661","962,940","962,661","961,106","959,052","989,111","978,399","974,074",:
Napoli (greater city),:,:,"3,120,177","3,055,218","3,053,247","3,055,339","3,127,390","3,118,149","3,113,898",:
Torino,"908,263","908,825","909,538","874,320","869,312","872,091","902,137","896,773","890,529",:
Palermo,"663,173","659,433","656,081","659,326","656,829","654,987","678,492","678,492","674,435",:
Genova,"610,887","611,171","609,746","587,680","584,644","582,320","596,958","592,507","586,655",:
Firenze,"364,710","365,659","368,901","356,419","357,318","366,039","377,207","381,037","382,808",:
Bari,"322,511","320,677","320,150","316,483","315,408","313,213","322,751","327,361","326,344",:
Bologna,"372,256","374,944","377,220","369,653","371,151","380,635","384,202","386,181","386,663",:
Catania,"298,957","296,469","295,591","295,817","293,104","290,678","315,576","315,601","314,555",:
Venezia,"268,993","270,098","270,801","262,254","260,856","259,263","264,534","264,579","263,352",:
Verona,"264,191","265,368","264,475","253,597","251,842","253,409","259,966","260,125","258,765",:
Cremona,"71,998","72,267","72,248","70,003","69,675","72,137","71,184","71,657","71,901",:
Trento,"112,637","114,236","115,511","113,736","114,063","115,540","117,285","117,304","117,317",:
Trieste,"205,356","205,341","205,523","202,878","201,814","201,148","204,849","205,413","204,420",:
Perugia,"163,287","165,207","166,667","161,722","162,097","162,986","166,030","165,668","166,134",:
Ancona,"101,424","102,047","102,521","100,926","100,465","100,343","101,742","101,518","100,861",:
Pescara,"122,790","123,022","123,062","117,631","116,846","117,091","121,325","121,366","121,014",:
Campobasso,"51,321","51,218","50,986","48,921","48,675","48,487","49,392","49,434","49,431",:
Caserta,"78,703","78,965","78,669","75,531","75,625","74,868","77,099","76,887","76,326",:
Taranto,"195,130","194,021","193,136","200,573","199,936","198,728","203,257","202,016","201,100",:
Potenza,"68,013","68,594","68,556","66,844","66,698","66,405","67,403","67,348","67,122",:
Catanzaro,"94,004","93,519","93,302","89,727","89,319","89,062","91,028","90,840","90,612",:
Reggio di Calabria,"185,577","185,621","185,854","181,178","180,719","180,686","184,937","183,974","183,035",:
Sassari,"129,086","130,306","130,366","123,729","123,624","125,672","127,715","127,625","127,525",:
Cagliari,"158,041","157,297","156,951","150,531","149,343","149,575","154,019","154,478","154,460",:
Padova,"210,173","211,936","212,989","206,936","205,631","207,245","209,678","211,210","210,401",:
Brescia,"189,742","190,844","191,618","189,576","189,085","188,520","193,599","196,058","196,480",:
Modena,"179,937","181,807","183,114","178,828","179,095","179,353","184,525","185,148","184,973",:
Foggia,"153,469","153,239","152,959","147,916","147,045","148,573","153,143","152,770","151,991",:
Salerno,"140,580",:,"139,704","132,847","132,741","131,925","133,885","135,603","135,261",:
Piacenza,:,:,"102,687","100,023","100,195","100,843","102,404","102,269","102,191",:
Bolzano,:,:,"103,135","101,941","102,486","103,891","105,713","106,110","106,441",:
Udine,:,:,"99,439","98,318","98,174","98,780","99,528","99,473","99,169",:
La Spezia,:,:,"95,641","92,790","92,418","92,439","94,535","93,990","93,959",:
Lecce,:,:,"94,949","89,368","89,615","89,598","93,302","94,148","94,773",:
Barletta,:,:,"94,089","93,921","94,322","94,681","94,903","94,971","94,814",:
Pesaro,:,:,"94,799","94,534","94,346","94,615","94,705","94,604","94,582",:
Como,:,:,"84,812","81,464","82,124","83,422","84,834","84,687","84,495",:
Pisa,:,:,"87,440","86,285","85,517","86,263","88,627","89,523","89,158",:
Treviso,:,:,"82,208","80,617","81,026","82,462","83,145","83,652","83,731",:
Varese,:,:,"81,788","79,902","79,405","79,333","80,927","80,857","80,799",:
Busto Arsizio,:,:,"81,716","79,463","79,392","79,563","81,744","82,518","83,106",:
Asti,:,:,"75,910","73,885","73,863","74,320","76,135","76,673","76,202",:
Pavia,:,:,"71,184","68,546","68,352","68,313","71,297","72,205","72,576",:
Massa,:,:,"70,818","68,891","68,802","69,022","70,202","69,836","69,479",:
Cosenza,:,:,"69,717","69,627","69,376","69,065","67,910","67,679","67,546",:
Savona,:,:,"62,494","60,933","60,595","60,760","61,761","61,529","61,345",:
Matera,:,:,"60,522","59,640","59,859","60,009","60,556","60,524","60,436",:
Acireale,:,:,"52,881","51,376","51,447","51,402","52,792","52,703","52,622",:
Avellino,:,:,"56,512","54,347","54,270","54,706","55,448","55,171","54,857",:
Pordenone,:,:,"51,404","50,632","50,365","51,378","51,758","51,632","51,229",:
Lecco,:,:,"47,791","46,583","46,673","47,240","48,131","48,141","47,999",:
Altamura,:,:,:,"69,400","69,585","69,901","70,171","70,347","70,396",:
Bitonto,:,:,:,"56,313","56,277","56,085","56,043","55,644","55,540",:
Molfetta,:,:,:,"60,333","60,425","60,338","60,397","60,058","59,874",:
Battipaglia,:,:,:,"50,464","50,450","50,513","50,812","50,868","50,786",:
Bisceglie,:,:,:,"54,648","54,626","54,877","55,424","55,517","55,422",:
Carpi,:,:,:,"66,766","67,355","67,408","69,530","70,419","70,699",:
Cerignola,:,:,:,"56,715","56,638","56,816","58,063","58,295","58,396",:
Gallarate,:,:,:,"50,370","50,354","50,961","52,455","52,850","53,343",:
Gela,:,:,:,"75,489","75,707","75,618","76,826","76,723","75,827",:
Saronno,:,:,:,"38,493","38,644","38,902","39,422","39,437","39,401",:
Bagheria,:,:,:,"54,047","54,185","54,271","55,854","55,615","55,387",:
Anzio,:,:,:,"49,567","49,790","50,789","53,557","53,986","54,211",:
Sassuolo,:,:,:,"40,098","39,932","39,888","41,126","41,064","40,853",:
Messina,"243,997",:,"242,864","243,846","242,914","242,267","241,997","240,414","238,439",:
Prato,"185,603",:,"186,798","185,421","184,885","187,159","191,268","191,002","191,150",:
Parma,"178,718",:,"184,467","175,229","175,842","177,714","187,938","190,284","192,836",:
Livorno,"160,949",:,"160,742","157,002","156,779","156,998","160,512","159,542","159,219",:
Reggio nell'Emilia,"162,290",:,"167,678","161,615","162,570","163,928","172,525","171,655","171,345",:
Ravenna,"153,388",:,"157,459","152,734","153,458","154,288","158,784","158,911","159,116",:
Ferrara,"133,591",:,"134,967","132,880","132,295","131,842","133,423","133,682","133,155",:
Rimini,"138,465",:,"141,505","138,993","139,727","143,731","146,856","147,578","147,750",:
Siracusa,"123,595",:,"123,768","119,333","118,442","118,644","122,304","122,503","122,291",:
Monza,"120,826",:,"121,545","119,971","119,928","120,440","123,151","122,367","122,671",:
Bergamo,"115,781",:,"118,019","115,213","115,374","115,072","118,717","119,002","119,381",:
Forlì,"114,683",:,"117,550","116,121","116,363","116,029","118,359","118,255","117,913",:
Latina,"115,490",:,"118,612","117,731","117,760","119,426","125,375","125,496","125,985",:
Vicenza,"114,108",:,"115,550","112,288","111,222","113,639","113,655","113,599","112,953",:
Terni,"110,933",:,"112,735","109,480","109,110","109,382","112,227","112,133","111,501",:
Novara,"102,862",:,"104,363","102,105","101,739","101,933","104,736","104,452","104,380",:
Giugliano in Campania,"112,340",:,"115,484","108,990","108,904","110,473","120,157","121,201","122,974",:
Alessandria,:,:,:,"89,732","89,493","89,446","93,805","93,963","93,943",:
Arezzo,:,:,:,"97,911","98,018","98,352","99,232","99,434","99,543",:
Grosseto,:,:,:,"78,492","78,457","79,216","81,536","81,837","82,087",:
Brindisi,:,:,:,"88,662","88,734","88,611","89,165","88,667","88,302",:
Trapani,:,:,:,"69,170","69,183","68,967","69,293","69,182","68,759",:
Ragusa,:,:,:,"69,801","69,863","69,816","72,812","73,030","73,313",:
Andria,:,:,:,"99,818","100,133","100,432","100,333","100,518","100,440",:
Trani,:,:,:,"55,664","55,826","55,786","55,680","56,221","56,217",:
L'Aquila,:,:,:,"67,486","66,905","68,304","70,967","70,230","69,753",:
Cyprus,"776,400","796,900","819,100","840,407","862,000","865,900","858,000","847,000","848,300",:
Lefkosia,"223,700","229,100","234,900","239,277","245,900","246,400","244,100","241,000","241,400",:
Lemesos,"170,700","174,100","177,800","180,201","184,600","184,100","182,400","180,000","180,300",:
Latvia,"2,270,894","2,261,294",:,"2,070,371","2,044,813","2,023,825","2,001,468","1,986,096","1,968,957","1,950,116"
Riga,"697,272","713,016","673,433","658,637","649,853","643,615","643,368","641,007","639,342","641,201"
Liepaja,"81,748","84,747","78,913","76,737","74,812","73,469","71,926","71,125","70,610","69,406"
Jelgava,:,:,"60,923","59,511","58,332","57,773","57,332","57,180","57,028","56,702"
Daugavpils,"101,705",:,"95,962","93,213","90,879","89,184","87,403","86,435","85,540","84,288"
Lithuania,"3,366,357",:,:,"3,052,588",:,"2,971,905","2,943,472","2,921,262","2,888,558",:
Vilnius,"555,733","558,165","543,191","536,127","533,279","537,152","539,707","542,626","543,493",:
Kaunas,"355,586","352,279","329,542","317,319","310,773","306,888","304,012","301,357","297,846",:
Panevezys,"113,653","112,619","103,101","100,027","98,469","97,343","96,328","95,202","93,598",:
Alytus,:,:,"63,630","60,302","58,515","57,281","56,357","55,614","54,431",:
Klaipeda,"184,657",:,"168,134","162,898","160,142","158,541","157,305","156,141","154,326",:
Siauliai,"127,059",:,"114,506","109,748","107,689","106,470","105,610","104,569","102,981",:
Luxembourg (Grand Duchy),"483,799","493,500",:,:,:,:,:,:,:,:
Luxembourg,"85,500","88,600","90,848","95,058","99,852","103,641","107,247","111,287","115,227",:
Hungary,"10,045,401","10,030,975","10,014,324","9,937,628","9,931,925","9,908,798","9,877,365","9,855,571",:,:
Budapest,"1,702,297","1,712,210","1,721,556","1,729,040","1,727,495","1,735,711","1,744,665","1,757,618",:,:
Miskolc,"171,096","170,234","169,226","167,754","164,973","162,905","161,265","159,554",:,:
Nyíregyháza,"116,874","117,597","117,832","119,746","118,192","118,185","118,164","118,125",:,:
Pécs,"156,664","156,974","157,680","156,049","149,992","147,719","146,581","145,985",:,:
Debrecen,"205,084","206,225","207,270","211,320","205,076","204,333","203,914","203,506",:,:
Szeged,"167,039","169,030","169,713","168,048","162,183","161,837","161,921","162,593",:,:
Gyõr,"130,476","130,476","130,478","129,527","128,193","128,567","128,902","129,372",:,:
Kecskemét,"110,316","111,428","112,233","111,411","111,264","111,863","112,071","111,836",:,:
Székesfehérvár,"101,755","102,035","101,973","100,570","99,617","99,247","99,060","98,673",:,:
Szombathely,:,:,"79,438",:,"77,593","77,547","77,566","77,866",:,:
Szolnok,:,:,:,:,:,:,:,"72,786",:,:
Tatabánya,:,:,:,:,:,:,:,"66,791",:,:
Veszprém,:,:,:,:,:,:,:,"60,761",:,:
Békéscsaba,:,:,:,:,:,:,:,"60,334",:,:
Kaposvár,:,:,:,:,:,:,:,"63,742",:,:
Eger,:,:,:,:,:,:,:,"54,609",:,:
Dunaújváros,:,:,:,:,:,:,:,"46,052",:,:
Zalaegerszeg,:,:,:,:,:,:,:,"58,959",:,:
Sopron,:,:,:,:,:,:,:,"61,780",:,:
Malta,"413,609","412,970",:,:,:,:,:,"439,691","450,415",:
Valletta,"203,960","203,250",:,:,:,"201,559",:,"212,885","218,960",:
Netherlands,"16,405,399","16,485,787","16,574,989","16,655,799","16,730,348","16,779,575","16,829,289","16,900,726",:,:
Greater 's-Gravenhage,"475,681","481,864","488,553","495,083","502,055","505,856","508,940",:,:,:
Greater Amsterdam,"747,093","755,605","767,457","779,808","790,110","799,278","810,938",:,:,:
Greater Rotterdam,"582,951","587,134","593,049","610,386","616,260","616,294","618,357",:,:,:
Greater Utrecht,"294,737","299,891","307,081","311,367","316,275","321,916","328,164",:,:,:
Greater Eindhoven,"210,333","212,269","213,809","216,036","217,225","218,433","220,920",:,:,:
Tilburg,"202,091","203,464","204,853","206,240","207,580","208,527","210,267",:,:,:
Groningen,"182,484","184,227","187,298","189,991","193,127","195,418","198,317",:,:,:
Enschede,"154,753","156,071","157,052","157,838","158,048","158,627","158,586",:,:,:
Greater Arnhem,"143,582","145,574","147,018","148,070","149,271","149,827","150,823",:,:,:
Greater Heerlen,"89,671","89,356","89,236","89,212","89,016","88,747","88,259",:,:,:
Almere,"183,270","185,746","188,160","190,655","193,163","195,213","196,013",:,:,:
Breda,"170,960","171,916","173,299","174,599","176,401","178,140","179,623",:,:,:
Nijmegen,"161,251","161,817","162,963","164,223","165,182","166,382","168,292",:,:,:
Apeldoorn,"155,108","155,332","155,726","156,199","156,961","157,315","157,545",:,:,:
Leeuwarden,"92,864","93,498","94,073","94,838","95,321","95,949","107,342",:,:,:
Greater Sittard-Geleen,:,:,"95,243",:,"94,535","94,024","93,691",:,:,:
Hilversum,:,:,"84,573",:,"85,537","86,017","86,426",:,:,:
Roosendaal,:,:,"77,566",:,"77,426","77,155","77,027",:,:,:
Greater Nissewaard,:,:,"72,345",:,"72,171","72,375","72,561",:,:,:
Purmerend,:,:,"79,038",:,"79,266","79,482","79,576",:,:,:
Alphen aan den Rijn,:,:,"72,534",:,"72,853","72,913","106,784",:,:,:
Bergen op Zoom,:,:,"65,845","66,074","66,130","66,287","66,419",:,:,:
Gouda,:,:,"71,122","71,047","71,235","70,904","70,941",:,:,:
Hoorn,:,:,"70,252","70,697","71,254","71,360","71,703",:,:,:
Greater Haarlem,"147,640","148,191","149,579","150,670","151,818","153,093","155,147",:,:,:
Zaanstad,"142,863","144,055","145,332","146,940","148,281","149,622","150,598",:,:,:
's-Hertogenbosch,"136,481","137,775","139,607","140,786","141,893","142,817","143,733",:,:,:
Amersfoort,"141,211","143,212","144,862","146,592","148,250","149,662","150,897",:,:,:
Maastricht,"118,004","118,286","118,533","119,664","121,050","121,819","122,488",:,:,:
Greater Leiden,"116,878","116,787","117,123","117,915","118,748","118,748","121,163",:,:,:
Haarlemmermeer,:,:,"142,788","143,374","143,943","144,153","144,060",:,:,:
Zoetermeer,:,:,"121,532","121,911","122,331","123,092","123,561",:,:,:
Zwolle,"116,365","117,703","119,030","120,355","121,527","122,562","123,159",:,:,:
Greater Ede,"107,686","107,623","107,756","108,285","108,763","109,823","110,656",:,:,:
Deventer,:,:,"98,523","98,737","98,672","98,581","98,322",:,:,:
Greater Alkmaar,:,:,"93,861","93,936","94,269","94,505","94,866",:,:,:
Venlo,:,:,"100,301","99,793","100,027","100,159","100,428",:,:,:
Helmond,:,:,"88,291","88,560","88,801","89,023","89,256",:,:,:
Hengelo,:,:,"80,772","80,747","80,939","80,952","80,957",:,:,:
Almelo,:,:,"72,602","72,599","72,757","72,729","72,459",:,:,:
Lelystad,:,:,"74,628","75,111","75,312","75,778","76,142",:,:,:
Austria,"8,318,592","8,355,260",:,:,:,"8,451,860","8,507,786",:,:,:
Wien,"1,674,909","1,687,271",:,:,:,"1,741,246","1,766,746",:,:,:
Graz,"250,738","253,994",:,:,:,"265,778","269,997",:,:,:
Linz,"188,593","189,122",:,:,:,"191,501","193,814",:,:,:
Salzburg,"147,169","147,732",:,:,:,"145,871","146,631",:,:,:
Innsbruck,"117,150","118,035",:,:,:,"122,458","124,579",:,:,:
Klagenfurt,:,:,:,:,:,"95,450","96,640",:,:,:
Poland,"38,135,876","38,167,329","38,529,866","38,538,447","38,533,299","38,495,659","38,478,602",:,:,:
Warszawa,"1,709,781","1,714,446",:,"1,708,491","1,715,517","1,724,404","1,735,442",:,:,:
Lódz,"747,152","742,387",:,"725,055","718,960","711,332","706,004",:,:,:
Kraków,"754,624","755,000",:,"759,137","758,334","758,992","761,873",:,:,:
Wroclaw,"632,162","632,146",:,"631,235","631,188","632,067","634,487",:,:,:
Poznan,"557,264","554,221",:,"553,564","550,742","548,028","545,680",:,:,:
Gdansk,"455,581","456,591",:,"460,517","460,427","461,531","461,489",:,:,:
Szczecin,"406,941","406,307",:,"409,596","408,913","408,172","407,180",:,:,:
Bydgoszcz,"358,928","357,650",:,"363,020","361,254","359,428","357,652",:,:,:
Lublin,"350,462","349,440",:,"348,567","347,678","343,598","341,722",:,:,:
Katowice,"309,621","308,548",:,"309,304","307,233","304,362","301,834",:,:,:
Górnoslaski Zwiazek Metropolitalny,:,:,:,"1,927,787","1,917,482","1,904,611","1,893,271",:,:,:
Bialystok,"294,153","294,685",:,"294,298","294,921","295,282","295,459",:,:,:
Kielce,"205,094","204,835",:,"201,815","200,938","199,870","198,857",:,:,:
Torun,"206,013","205,718",:,"204,921","204,299","203,447","203,158",:,:,:
Olsztyn,"176,142","176,457",:,"175,420","174,641","174,675","173,831",:,:,:
Rzeszów,"170,653","172,770",:,"180,031","182,028","183,108","185,123",:,:,:
Opole,"126,203","125,792",:,"122,439","121,576","120,146","119,574",:,:,:
Gorzów Wielkopolski,"125,157","125,383",:,"124,554","124,609","124,344","124,145",:,:,:
Zielona Góra,"117,557","117,503",:,"119,197","119,023","118,405","118,920",:,:,:
Jelenia Góra,"85,378","84,564",:,"83,463","82,846","81,985","81,408",:,:,:
Nowy Sacz,"84,475","84,556",:,"84,325","84,129","83,943","83,853",:,:,:
Suwalki,"69,554","69,499",:,"69,210","69,404","69,317","69,316",:,:,:
Konin,"79,829","79,516",:,"78,209","77,847","77,224","76,547",:,:,:
Zory,"62,044","62,022",:,"62,110","62,052","62,038","62,051",:,:,:
Czestochowa,"240,612","239,319",:,"235,798","234,472","232,318","230,123",:,:,:
Radom,"224,226","223,397",:,"220,602","219,703","218,466","217,201",:,:,:
Plock,"126,709","126,542",:,"124,318","123,627","122,815","122,224",:,:,:
Kalisz,"107,140","107,019",:,"105,122","104,676","103,997","103,373",:,:,:
Koszalin,"107,146","106,987",:,"109,233","109,343","109,170","108,605",:,:,:
Slupsk,:,:,:,"95,542","94,849","93,936","93,206",:,:,:
Jastrzebie-Zdrój,:,:,:,"92,105","91,723","91,235","90,794",:,:,:
Siedlce,:,:,:,"76,480","76,393","76,347","76,603",:,:,:
Piotrków Trybunalski,:,:,:,"76,505","76,404","75,903","75,608",:,:,:
Lubin,:,:,:,"75,147","74,669","74,053","73,658",:,:,:
Pila,:,:,:,"74,818","74,930","74,609","74,333",:,:,:
Inowroclaw,:,:,:,"75,938","75,517","75,001","74,564",:,:,:
Ostrowiec Swietokrzyski,:,:,:,"73,300","72,871","72,277","71,728",:,:,:
Gniezno,:,:,:,"70,263","70,141","69,883","69,686",:,:,:
Stargard Szczecinski,:,:,:,"69,771","69,724","69,328","68,922",:,:,:
Ostrów Wielkopolski,:,:,:,"72,907","72,933","72,890","72,754",:,:,:
Przemysl,:,:,:,"64,728","64,276","63,638","63,441",:,:,:
Zamosc,:,:,:,"65,784","65,612","65,255","65,055",:,:,:
Chelm,:,:,:,"66,176","65,897","65,481","64,855",:,:,:
Pabianice,:,:,:,"68,922","68,321","67,688","67,207",:,:,:
Glogów,:,:,:,"69,259","69,185","68,997","68,836",:,:,:
Stalowa Wola,:,:,:,"64,756","64,189","63,692","63,291",:,:,:
Tomaszów Mazowiecki,:,:,:,"65,834","65,454","64,893","64,513",:,:,:
Lomza,:,:,:,"63,070","62,812","62,711","62,779",:,:,:
Leszno,:,:,:,"64,713","64,722","64,589","64,616",:,:,:
Swidnica,:,:,:,"60,213","59,737","59,182","58,802",:,:,:
Zgierz,:,:,:,"58,163","57,803","57,503","57,390",:,:,:
Tczew,:,:,:,"60,809","60,769","60,610","60,573",:,:,:
Elk,:,:,:,"59,274","59,646","59,790","60,103",:,:,:
Gdynia,"249,257",:,:,"248,939","248,726","248,042","247,820",:,:,:
Sosnowiec,"221,259",:,:,"215,262","213,513","211,275","209,274",:,:,:
Gliwice,"196,669",:,:,"186,868","186,210","185,450","184,415",:,:,:
Zabrze,"188,401",:,:,"180,332","179,452","178,357","177,188",:,:,:
Bytom,"183,829",:,:,"176,106","174,724","173,439","172,306",:,:,:
Bielsko-Biala,"175,677",:,:,"174,503","174,370","173,699","173,013",:,:,:
Ruda Slaska,"143,930",:,:,"143,024","142,346","141,521","140,669",:,:,:
Rybnik,"141,177",:,:,"140,944","140,789","140,173","140,052",:,:,:
Tychy,"129,475",:,:,"129,322","129,112","128,799","128,621",:,:,:
Walbrzych,"122,411",:,:,"119,955","119,171","117,926","116,691",:,:,:
Elblag,"126,439",:,:,"124,257","123,659","122,899","122,368",:,:,:
Wloclawek,"118,042",:,:,"116,345","115,546","114,885","113,939",:,:,:
Tarnów,"115,518",:,:,"113,593","112,952","112,120","111,376",:,:,:
Chorzów,"113,314",:,:,"111,536","111,168","110,761","110,337",:,:,:
Legnica,"104,489",:,:,"102,979","102,422","101,992","101,343",:,:,:
Grudziadz,"99,134",:,:,"98,438","97,971","97,676","97,176",:,:,:
Portugal,"10,627,250","10,637,713","10,573,479","10,572,721","10,542,398","10,487,289","10,427,301","10,374,822","10,341,330","10,309,573"
Lisboa,"489,562","479,884","549,998","548,422","537,412","524,282","511,667","509,312","504,471","504,964"
Lisboa (greater city),"1,790,389","1,784,236","1,857,112","1,863,069","1,860,256","1,849,472","1,837,852","1,835,785","1,835,894","1,842,352"
Porto,"216,080","210,558","241,254","238,046","233,061","227,535","222,252","218,231","214,579","214,119"
Porto (greater city),:,:,"980,311","978,256","975,300","968,905","962,418","956,023","950,728","948,613"
Braga,"176,154","177,183","180,414","181,481","182,176","182,110","181,847","181,553","181,502","181,182"
Funchal,"98,583","97,793","111,599","111,990","109,990","109,149","108,053","106,721","105,562","104,813"
Coimbra,"135,314","133,426","144,301","143,589","141,360","139,151","136,964","135,592","134,578","134,348"
Setúbal,"124,459","125,293","120,643","121,257","120,864","119,799","118,689","118,166","117,780","116,979"
Ponta Delgada,"64,092","63,933","68,679","68,795","68,846","68,876","68,768","68,517","68,403","68,352"
Aveiro,"73,100","72,919","78,084","78,463","78,093","77,675","77,229","76,935","76,882","77,241"
Faro,"58,698","58,675","64,032","64,600","63,172","62,281","61,334","61,214","61,019","61,073"
Seixal,:,:,"157,571","158,285","160,237","161,436","162,516","163,737","164,625","165,123"
Amadora,:,:,"175,274","175,141","175,738","175,631","175,354","175,952","176,644","178,169"
Almada,:,:,"173,030","174,237","173,574","172,206","170,756","170,139","169,689","169,330"
Odivelas,:,:,"143,257","144,444","146,970","148,791","150,419","152,840","154,462","156,083"
Viseu,:,:,"98,914","99,313","99,093","98,778","98,424","98,093","98,164","97,849"
Valongo,:,:,"93,362","93,901","94,577","94,884","95,123","95,087","95,188","95,411"
Viana do Castelo,:,:,"89,210","88,851","88,522","87,896","87,243","86,620","86,136","85,445"
Paredes,:,:,"86,836","86,849","87,159","87,020","86,876","86,668","86,554","86,263"
Barreiro,:,:,"79,025","78,913","78,574","77,941","77,212","76,775","76,433","75,978"
Póvoa de Varzim,:,:,"63,674","63,483","63,504","63,282","62,999","62,707","62,522","62,344"
Sintra,"445,872","454,188","376,921","377,680","379,786","379,963","379,756","380,934","382,521","383,946"
Vila Nova de Gaia,"312,742","315,382","302,084","302,541","303,430","303,149","302,828","301,819","301,172","300,001"
Matosinhos,"169,261","169,303","175,223","175,600","175,869","175,321","174,690","174,045","173,451","173,339"
Gondomar,"173,910","174,878","168,388","168,168","168,363","168,016","167,525","166,841","166,338","165,743"
Guimarães,"162,636","162,592","159,010","158,211","158,048","157,214","156,310","155,508","154,920","153,995"
Vila Franca de Xira,"142,163","144,123","135,572","136,875","138,142","138,710","139,110","139,918","140,614","140,844"
Romania,"22,541,941","22,516,004","22,480,599","22,433,741","22,390,978","22,346,178","22,298,253","22,260,798",:,:
Bucuresti,"1,944,367","1,944,451","2,161,874","2,158,758","2,148,098","2,134,030","2,110,878","2,107,399",:,:
Cluj-Napoca,"306,474","307,215","319,582","320,042","320,400","320,819","321,427","321,916",:,:
Timisoara,"311,586","311,440","334,764","334,507","333,749","333,650","333,825","333,210",:,:
Craiova,"298,928","299,579","311,909","310,988","309,208","308,144","307,193","305,946",:,:
Braila,"212,501","211,161","221,636","219,702","217,493","215,319","213,089","210,699",:,:
Oradea,"204,477","204,880","225,303","224,722","224,049","223,718","223,317","222,850",:,:
Bacau,"177,087","175,867","196,871","195,973","195,088","194,952","196,447","197,362",:,:
Arad,"166,003","165,014","182,813","182,017","181,025","180,224","179,716","179,155",:,:
Sibiu,"154,548","154,080","169,496","169,634","169,751","169,741","169,820","169,880",:,:
Târgu Mures,"145,151","144,370","153,708","153,067","152,287","151,684","151,129","150,286",:,:
Piatra Neamt,:,:,"119,154","118,331","117,612","116,833","116,355","115,369",:,:
Calarasi,"73,001","73,077","79,825","79,525","79,045","78,553","78,102","77,735",:,:
Giurgiu,"67,942","67,700","71,996","71,526","70,805","70,194","69,674","69,105",:,:
Alba Iulia,"67,970","68,450","73,175","73,377","73,421","73,717","73,979","74,283",:,:
Focsani,"98,467","98,146","96,852","96,498","95,858","95,470","95,127","94,474",:,:
Târgu Jiu,"95,669","96,235","98,576","98,477","97,923","97,643","97,336","96,887",:,:
Tulcea,"91,067","90,809","92,764","92,357","91,598","91,101","90,503","89,747",:,:
Târgoviste,"88,458","88,201","96,607","96,163","95,556","94,819","94,240","93,626",:,:
Slatina,"77,177","77,335","87,361","86,930","85,924","85,430","85,074","84,593",:,:
Bârlad,"69,385","69,049","75,451","75,074","74,603","74,068","73,580","72,926",:,:
Roman,"67,697","67,097","73,965","73,218","72,487","71,767","71,254","70,747",:,:
Bistrita,:,:,:,:,:,"92,448","92,892","93,415",:,:
Constanta,"302,171","301,951","323,748","322,302","321,077","320,318","319,266","317,974",:,:
Iasi,"308,843","308,663","334,652","335,585","341,503","350,924","357,868","363,312",:,:
Galati,"291,354","290,467","308,882","307,874","307,785","306,895","306,046","304,610",:,:
Brasov,"278,048","277,569","293,534","292,847","292,300","291,921","291,363","290,955",:,:
Ploiesti,"229,285","227,981","240,292","238,699","237,117","235,698","235,041","233,762",:,:
Pitesti,"166,893","167,017","179,940","179,210","178,456","177,965","177,485","176,803",:,:
Baia Mare,"139,154","138,529","150,983","150,575","149,619","149,031","148,429","147,897",:,:
Buzau,"132,210","131,644","140,875","139,925","138,785","137,753","136,773","135,662",:,:
Satu Mare,"112,705","112,143","126,784","125,847","124,839","124,096","123,438","122,560",:,:
Botosani,"116,110","115,751","125,616","125,259","124,565","123,922","122,999","122,433",:,:
Râmnicu Vâlcea,"110,901","110,827","119,737","119,642","119,417","119,348","119,252","118,832",:,:
Suceava,"106,934","107,208","117,949","117,707","116,865","116,311","116,082","116,666",:,:
Drobeta-Turnu Severin,"106,507","106,237","114,372","113,724","112,373","111,580","110,768","109,730",:,:
Slovenia,"2,025,866","2,032,362",:,"2,050,189",:,"2,058,821","2,061,085","2,062,874","2,064,188",:
Ljubljana,"267,760","276,091","279,653","280,140","280,607","282,994","285,857","287,218","288,307",:
Maribor,"111,340","113,113","112,364","111,730","111,550","111,374","112,088","112,325","111,832",:
Slovakia,"5,412,254","5,424,925","5,435,273","5,397,036","5,404,322","5,410,836","5,415,949","5,421,349","5,426,252","5,435,343"
Bratislava,"428,791","431,061","432,801","411,228","413,192","415,589","417,389","419,678","422,932","425,923"
Kosice,"233,659","233,880","233,886","240,433","240,688","240,164","239,797","239,464","239,200","239,141"
Banská Bystrica,"80,106","79,990","79,819","80,003","79,775","79,583","79,368","79,027","78,758","78,635"
Nitra,"84,070","83,692","83,444","78,916","78,875","78,607","78,351","78,033","77,670","77,374"
Presov,"91,273","91,193","90,835","91,782","91,638","91,352","90,923","90,187","89,959","89,618"
Zilina,"85,327","85,252","85,129","81,494","81,515","81,382","81,273","81,155","81,114","81,041"
Trnava,"67,726","67,605","67,368","66,358","66,219","66,073","65,978","65,713","65,596","65,536"
Trencín,"56,826","56,514","56,403","55,877","55,832","55,883","55,886","55,857","55,698","55,593"
Finland,"5,300,484","5,326,314","5,351,427","5,375,276","5,401,267","5,426,674","5,451,270","5,471,753","5,487,308",:
Helsinki / Helsingfors,"576,632","583,350","588,549","595,384","603,968","612,664","620,715","620,715","628,208",:
Helsinki / Helsingfors (greater city),"1,022,139","1,033,933","1,045,263","1,059,631","1,075,014","1,090,616","1,106,418","1,106,418","1,122,101",:
Tampere / Tammerfors,"207,866","209,552","211,507","213,217","215,168","217,421","220,446","223,004","225,118",:
Turku / Åbo,"175,286","175,582","176,087","177,326","178,630","180,225","182,072","183,824","185,908",:
Oulu,"131,585","133,550","139,133","141,671","143,909","190,847","193,798","196,291","198,525",:
Espoo / Esbo,"241,565","244,330","247,970","252,439","256,824","260,753","265,543","265,543","269,802",:
Vantaa / Vanda,"192,522",:,"197,636","200,055","203,001","205,312","208,098","210,803","214,605",:
Lahti / Lahtis,"99,308",:,"100,854","101,588","102,308","103,016","103,364","118,644","118,743",:
Kuopio,"94,838",:,"96,135","96,793","97,433","108,962","110,113","116,171","116,921",:
Jyväskylä,"126,546",:,"129,623","130,816","132,062","133,482","134,658","135,780","137,368",:
Sweden,"9,256,347","9,340,682","9,415,570","9,482,855",:,:,:,:,:,:
Stockholm,"810,120","829,417","847,073","864,324",:,:,:,:,:,:
Stockholm (greater city),"1,489,127","1,521,202","1,550,208","1,579,896","1,608,135","1,637,551","1,665,006","1,689,952",:,:
Göteborg,"500,197","507,330","513,751","520,374",:,:,:,:,:,:
Malmö,"286,535","293,909","298,963","302,835",:,:,:,:,:,:
Jönköping,"125,154","126,331","127,382","128,305",:,:,:,:,:,:
Umeå,"112,728","114,075","115,473","116,465",:,:,:,:,:,:
Uppsala,"190,668","194,751","197,787","200,001",:,:,:,:,:,:
Linköping,"141,863","144,690","146,416","147,334",:,:,:,:,:,:
Örebro,"132,277","134,006","135,460","137,121",:,:,:,:,:,:
Västerås,"134,684",:,:,:,:,:,:,:,:,:
Norrköping,"128,060",:,:,:,:,:,:,:,:,:
Helsingborg,"126,754",:,:,:,:,:,:,:,:,:
Lund,"107,351",:,:,:,:,:,:,:,:,:
Borås,"101,487",:,:,:,:,:,:,:,:,:
United Kingdom,:,:,:,:,:,:,:,"64,853,393","65,379,044",:
London (greater city),"7,668,300","7,753,600","8,002,000","8,173,941","8,256,400","8,362,500","8,477,600","8,606,201","8,730,803",:
Birmingham,"1,019,200","1,028,700","1,055,600","1,073,045","1,079,900","1,088,900","1,096,800","1,106,334","1,117,938",:
West Midlands urban area,:,:,"2,390,000","2,419,500","2,431,200","2,446,600","2,462,300","2,479,550","2,500,093",:
Leeds,"779,300","787,700","745,700","751,485","754,200","759,600","763,900","770,230","777,902",:
Glasgow City,"584,200","588,500","584,100","593,245","594,100","595,800","598,100","602,990","610,705",:
Greater Glasgow,:,:,:,:,:,:,:,:,"986,575",:
Bradford,"501,400","506,800","515,200","522,452","523,900","525,500","527,300","529,666","532,728",:
Liverpool,"441,100","442,300","459,500","466,415","467,700","470,200","471,900","475,827","481,579",:
Liverpool,:,:,"1,055,400","1,061,406","1,063,200","1,065,900","1,068,200","1,394,572","1,402,239",:
City of Edinburgh,"471,700","477,700","466,600","476,626","480,300","485,100","490,100","495,710","502,990",:
Manchester,"473,200","483,800","488,200","503,127","506,800","512,600","517,300","525,254","535,778",:
Greater Manchester,:,:,"2,650,800","2,682,528","2,693,800","2,708,600","2,723,900","2,744,508","2,769,152",:
Cardiff,"330,500","336,200","339,500","346,090","347,000","350,100","353,000","355,727","359,314",:
Sheffield,"539,800","547,000","541,500","552,698","554,600","558,700","561,900","566,743","572,581",:
Bristol,"426,100","433,100","421,000","428,234","430,300","435,000","440,000","445,901","451,771",:
Belfast,"268,300","268,400","279,700","280,962","280,700","281,100","282,500","337,869","339,243",:
Newcastle upon Tyne,"277,800","284,300","275,100","280,177","280,800","284,600","288,300","291,359","294,681",:
Tyneside conurbation,:,:,"821,200","829,319","830,600","835,000","839,700","843,434","847,920",:
Leicester,"303,800","304,700","322,300","329,839","330,600","332,700","335,700","340,140","345,485",:
Leicester (greater city),:,:,"471,400","479,924","481,000","483,700","487,200","492,218","498,438",:
Aberdeen City,"210,400","213,800","218,400","222,793","223,700","226,100","228,100","229,635","230,095",:
Cambridge,"118,700","121,100","118,500","123,867","123,900","125,900","127,600","129,711","131,353",:
Exeter,"118,500","118,800","115,100","117,773","118,200","120,600","123,100","125,818","128,555",:
Lincoln,"88,000","88,500","91,500","93,541","93,800","95,100","95,900","96,634","97,430",:
Gravesham,"98,500","98,800","100,600","101,720","102,300","103,300","104,500","105,780","106,554",:
Stevenage,"80,500","81,000","82,600","83,957","84,500","85,100","85,700","86,233","86,775",:
Wrexham,"132,700","133,200","133,700","134,844","135,500","136,200","136,600","136,681","136,679",:
Portsmouth,"199,400","203,500","200,800","205,056","206,100","207,100","208,300","210,422","213,295",:
Portsmouth (greater city),:,:,"513,800","519,943","522,500","525,200","528,000","532,035","536,707",:
Worcester,"93,900","94,700","97,400","98,768","99,100","100,000","100,600","101,085","101,833",:
Coventry,"310,500","312,800","309,500","316,960","320,000","326,500","333,600","341,407","349,148",:
Kingston-upon-Hull,"261,100","262,400","256,100","256,406","256,700","257,400","257,600","258,353","259,618",:
Stoke-on-trent,"239,300","238,900","246,600","249,008","249,300","250,100","250,600","251,338","252,437",:
Stoke-on-trent,:,:,:,:,:,:,:,"377,886","380,193",:
Wolverhampton,"238,100","238,500","246,800","249,470","250,400","251,300","252,300","253,697","255,514",:
Nottingham,"296,600","300,800","297,300","305,680","306,300","309,800","312,600","316,585","322,092",:
Greater Nottingham,:,:,"630,000","639,839","641,900","647,400","652,500","658,437","665,588",:
Wirral,"308,500","308,500","318,400","319,783","320,000","320,300","320,600","320,907","321,069",:
Bath and North East Somerset,:,:,"173,800","176,016","176,600","178,900","181,100","183,448","186,313",:
Thurrock,:,:,"155,800","157,705","158,900","160,200","162,100","164,227","166,105",:
Guildford,:,:,"134,600","137,183","138,600","140,400","142,000","144,519","147,050",:
Thanet,:,:,"132,900","134,186","135,000","136,200","137,600","139,091","140,212",:
Nuneaton and Bedworth,:,:,"124,500","125,252","125,600","125,900","126,100","126,247","126,669",:
Waveney,:,:,"115,900","115,254","115,500","115,800","115,900","116,051","116,348",:
Tunbridge Wells,:,:,"113,400","115,049","115,400","115,600","115,900","116,173","116,655",:
Ashford,:,:,"116,300","117,956","119,300","120,900","122,500","123,768","125,201",:
East Staffordshire,:,:,"112,500","113,583","114,100","114,700","115,300","115,852","116,371",:
Darlington,:,:,"104,700","105,564","105,400","105,300","105,400","105,378","105,518",:
Worthing,:,:,"103,300","104,640","105,300","105,900","106,500","107,300","108,171",:
Mansfield,:,:,"103,900","104,466","104,600","105,000","105,600","106,225","106,996",:
Chesterfield,:,:,"103,200","103,788","103,800","103,900","104,200","104,348","104,424",:
Burnley,:,:,"87,000","87,059","87,100","87,000","87,100","87,331","87,447",:
Great Yarmouth,:,:,"96,700","97,277","97,500","97,700","98,000","98,420","98,916",:
Woking,:,:,"97,400","99,198","99,400","99,500","99,500","99,431","99,565",:
Hartlepool,:,:,"91,700","92,028","92,200","92,500","92,600","92,542","92,655",:
Cannock Chase,:,:,"96,700","97,462","97,800","98,000","98,300","98,542","98,535",:
Eastbourne,:,:,"98,400","99,412","99,700","100,300","101,000","102,006","102,760",:
Hastings,:,:,"89,500","90,254","90,300","90,500","90,900","91,295","91,867",:
Hyndburn,:,:,"80,900","80,734","80,400","80,100","80,100","80,218","80,383",:
Redditch,:,:,"83,300","84,214","84,400","84,500","84,500","84,607","84,857",:
Tamworth,:,:,"76,400","76,813","77,000","77,100","77,100","77,127","77,048",:
Harlow,:,:,"81,100","81,944","82,400","83,000","84,000","84,981","85,696",:
Halton,:,:,"124,200","125,746","125,700","125,800","126,200","126,441","126,716",:
City of London,:,:,"7,400","7,375","7,500","7,600","7,900","8,416","9,081",:
Barking and Dagenham,:,:,"180,200","185,911","188,800","192,500","196,300","200,137","204,220",:
Barnet,:,:,"348,600","356,386","360,700","366,500","372,000","377,303","382,887",:
Bexley,:,:,"229,400","231,997","233,500","235,500","238,300","241,004","243,451",:
Brent,:,:,"301,500","311,215","313,500","316,000","319,000","322,387","326,133",:
Bromley,:,:,"307,700","309,392","312,300","316,000","319,600","323,068","325,873",:
Camden,:,:,"213,800","220,338","222,500","227,300","232,300","237,953","243,620",:
Croydon,:,:,"355,400","363,378","366,900","370,800","374,400","377,536","380,668",:
Ealing,:,:,"332,000","338,449","340,000","341,600","342,300","342,589","343,128",:
Enfield,:,:,"304,800","312,466","315,600","318,900","322,500","326,504","329,914",:
Greenwich,:,:,"246,400","254,557","257,800","262,000","266,300","271,741","277,285",:
Hackney,:,:,"239,200","246,270","249,700","254,700","260,300","266,080","271,268",:
Hammersmith and Fulham,:,:,"180,500","182,493","181,100","179,300","178,500","178,888","179,532",:
Haringey,:,:,"251,300","254,926","257,200","261,100","265,500","270,203","275,658",:
Harrow,:,:,"235,500","239,056","241,400","242,900","244,700","246,571","247,941",:
Havering,:,:,"235,200","237,232","238,800","240,900","244,000","247,530","250,934",:
Hillingdon,:,:,"267,600","273,936","278,600","284,300","289,700","295,213","300,103",:
Hounslow,:,:,"246,300","253,957","257,000","260,700","264,000","267,169","269,955",:
Islington,:,:,"198,400","206,125","208,700","213,400","218,400","224,361","230,279",:
Kensington and Chelsea,:,:,"161,200","158,649","157,100","155,800","155,900","156,951","157,219",:
Kingston upon Thames,:,:,"158,000","160,060","162,200","165,300","168,400","171,742","174,816",:
Lambeth,:,:,"295,900","303,086","307,300","312,200","316,200","321,324","326,171",:
Lewisham,:,:,"271,500","275,885","279,200","283,900","289,100","294,629","299,596",:
Merton,:,:,"198,600","199,693","201,400","202,700","203,400","204,040","204,797",:
Newham,:,:,"292,800","307,984","312,300","316,200","321,300","328,570","336,898",:
Redbridge,:,:,"272,800","278,970","283,000","286,400","290,700","294,924","298,021",:
Richmond upon Thames,:,:,"185,300","186,990","188,300","190,300","192,500","194,158","195,288",:
Southwark,:,:,"282,400","288,283","291,100","296,000","300,500","305,720","311,062",:
Sutton,:,:,"188,700","190,146","192,400","194,800","197,000","199,140","201,183",:
Tower Hamlets,:,:,"244,500","254,096","259,500","267,900","278,500","289,626","300,045",:
Waltham Forest,:,:,"251,100","258,249","261,200","264,200","266,900","269,595","273,507",:
Wandsworth,:,:,"301,000","306,995","308,000","309,400","311,300","313,345","315,320",:
Westminster,:,:,"217,100","219,396","221,700","225,300","230,100","237,796","244,957",:
Kirklees,"403,600",:,"416,600","422,458","424,200","426,900","429,600","432,671","435,684",:
North Lanarkshire (Airdrie/Bellshill/Coatbridge/Motherwell),"325,500",:,"335,700","337,727","337,800","337,800","337,800","338,130","338,825",:
Wakefield,"322,800",:,"325,000","325,837","327,000","328,700","330,500","332,569","335,297",:
Dudley,"306,300",:,"311,600","312,925","313,400","314,000","315,100","316,132","317,049",:
Wigan,"305,400",:,"315,300","317,849","318,400","319,200","320,300","321,499","322,541",:
Doncaster,"289,300",:,"300,700","302,402","302,600","303,200","303,900","304,499","305,605",:
Stockport,"282,500",:,"282,400","283,275","283,600","284,500","285,900","287,744","289,645",:
Sefton,"274,200",:,"274,000","273,790","273,800","273,500","273,400","273,619","273,984",:
Sandwell,"288,700",:,"304,200","308,063","310,200","312,800","315,500","318,087","321,084",:
Sunderland,"280,900",:,"276,100","275,506","275,500","275,900","276,500","277,020","277,556",:
Bolton,"263,700",:,"274,100","276,786","278,100","279,500","280,200","281,029","282,367",:
Walsall,"255,100",:,"265,800","269,323","270,200","271,500","273,200","275,134","277,405",:
Medway,"253,500",:,"261,500","263,925","266,600","269,700","272,600","275,254","277,517",:
Rotherham,"252,900",:,"256,600","257,280","258,000","258,500","259,400","260,428","261,358",:
Brighton and Hove,"253,800",:,"267,500","273,369","274,400","276,900","279,600","283,176","287,253",:
Brighton and Hove,:,:,:,:,:,:,:,"346,479","350,720",:
Plymouth,"255,600",:,"253,700","256,384","257,300","258,600","260,400","262,129","263,456",:
Swansea,"230,100",:,"236,500","239,023","239,200","240,000","240,800","241,840","243,448",:
Derby,"243,200",:,"245,500","248,752","249,800","251,000","251,900","253,357","255,242",:
Barnsley,"225,200",:,"229,500","231,221","232,800","234,700","236,800","238,581","240,269",:
Southampton,"234,100",:,"231,600","236,882","237,600","240,800","243,700","247,414","251,906",:
Southampton,:,:,:,:,:,:,:,"376,366","381,237",:
Oldham,"218,200",:,"223,300","224,897","225,500","226,600","228,000","229,794","231,774",:
Salford,"223,000",:,"230,400","233,933","235,800","238,000","240,500","243,827","247,170",:
Tameside,"214,400",:,"218,100","219,324","220,000","220,400","220,700","221,232","222,441",:
Trafford,"213,700",:,"224,100","226,578","227,800","229,300","231,300","232,873","233,981",:
Milton Keynes,"232,900",:,"242,800","248,821","251,100","254,000","257,500","260,504","263,121",:
Rochdale,"204,400",:,"210,500","211,699","212,000","212,100","212,500","213,579","215,180",:
Solihull,"204,300",:,"205,900","206,674","207,100","208,100","209,400","210,168","211,104",:
Northampton,"208,800",:,"209,000","212,069","213,500","215,700","218,100","220,979","223,968",:
North Tyneside,"196,000",:,"199,600","200,801","201,300","201,800","202,400","202,619","202,901",:
Gateshead,"189,900",:,"198,100","200,214","200,300","200,100","200,300","200,751","201,294",:
Warrington,"196,200",:,"200,700","202,228","203,200","204,400","205,800","207,062","208,252",:
Luton,"190,500",:,"197,500","203,201","204,700","206,900","209,500","212,836","215,751",:
York,"194,900",:,"193,700","198,051","198,900","201,200","203,400","205,648","207,612",:
Bury,"181,600",:,"184,300","185,060","185,800","186,400","187,000","187,679","188,277",:
Swindon,"196,000",:,"205,700","209,156","210,800","213,000","214,900","216,480","217,533",:
Stockton-on-Tees,"189,800",:,"190,400","191,610","192,100","192,800","193,700","194,461","195,242",:
St. Helens,"176,700",:,"175,200","175,308","175,800","176,200","176,700","177,400","178,034",:
Basildon,"172,900",:,"173,400","174,497","175,700","177,400","179,400","181,121","182,550",:
Bournemouth,"164,600",:,"176,800","183,491","185,100","187,700","190,100","192,953","196,087",:
Bournemouth,:,:,:,:,:,:,:,"343,296","347,125",:
Wycombe,"162,500",:,"169,600","171,644","172,600","173,600","174,400","175,453","176,448",:
Southend-on-Sea,"163,100",:,"171,100","173,658","174,600","175,300","176,900","178,317","179,251",:
Southend-on-Sea (greater city),:,:,"259,200","261,669","262,600","263,700","265,600","267,357","268,703",:
Telford and Wrekin,"161,700",:,"165,300","166,641","167,300","168,100","168,900","170,300","172,068",:
North East Lincolnshire,"157,200",:,"158,800","159,616","159,700","159,800","159,800","159,687","159,357",:
Chelmsford,"165,400",:,"166,800","168,310","168,900","169,800","170,900","172,136","173,364",:
Peterborough,"169,800",:,"180,400","183,631","185,400","187,400","189,400","192,221","195,538",:
Colchester,"174,300",:,"170,400","173,074","174,800","176,800","179,000","182,180","185,287",:
South Tyneside,"151,400",:,"148,500","148,127","148,300","148,500","148,600","148,706","149,045",:
Basingstoke and Deane,"161,500",:,"165,200","167,799","169,500","171,200","172,400","173,363","174,222",:
Bedford,"157,100",:,"155,700","157,479","158,500","160,300","162,700","165,088","167,502",:
Dundee City,"142,500",:,"145,600","147,268","147,500","148,000","148,200","148,170","148,240",:
Falkirk,"151,600",:,"154,700","155,990","156,500","157,000","157,400","158,075","158,920",:
Reading,"149,200",:,"153,300","155,698","156,200","158,200","160,000","161,282","162,203",:
Reading (greater city),:,:,"307,700","310,078","312,000","315,400","318,500","321,035","323,346",:
Blackpool,"140,600",:,"142,700","142,065","142,000","141,700","141,000","140,040","139,387",:
Blackpool,:,:,:,:,:,:,:,"249,283","249,390",:
Maidstone,"146,800",:,"152,700","155,143","156,500","158,300","160,600","163,159","165,430",:
Poole,"140,700",:,"146,100","147,645","148,300","148,800","149,600","150,343","151,039",:
Dacorum,"139,900",:,"142,900","144,847","146,000","147,500","149,000","150,546","152,021",:
Blackburn with Darwen,"139,400",:,"146,600","147,489","147,700","147,500","147,100","146,795","146,948",:
Newport,"139,700",:,"144,300","145,736","145,900","146,300","146,700","147,305","148,459",:
Middlesbrough,"140,100",:,"137,500","138,412","138,600","138,800","139,000","139,314","139,954",:
Oxford,"146,500",:,"146,700","151,906","151,400","153,700","156,400","158,786","160,433",:
Torbay,"134,000",:,"131,500","130,959","131,300","131,800","132,500","133,179","133,628",:
Preston,"135,300",:,"138,400","140,202","140,300","140,500","140,400","140,877","141,552",:
Preston (greater city),:,:,"247,100","249,259","249,400","249,400","249,400","250,241","251,436",:
St Albans,"135,200",:,"138,700","140,664","141,600","142,500","144,000","145,316","146,040",:
Warwick,"138,200",:,"138,200","137,648","138,200","138,600","138,900","139,664","140,171",:
Newcastle-under-Lyme,"124,200",:,"123,200","123,871","124,000","124,700","125,600","126,549","127,756",:
Norwich,"137,300",:,"130,100","132,512","133,200","135,100","136,700","138,172","139,957",:
Slough,"125,800",:,"136,300","140,205","141,300","142,400","143,800","145,155","146,458",:
Cheshire West and Chester,:,:,"329,300","329,608","329,900","330,600","331,600","333,064","334,799",:
Ipswich,"125,400",:,"130,500","133,384","134,100","134,600","134,800","135,283","135,754",:
Cheltenham,"112,700",:,"114,400","115,732","115,900","116,000","116,200","116,638","117,156",:
Gloucester,"116,500",:,"120,000","121,688","122,700","124,000","125,100","126,404","127,823",:
Bracknell Forest,"114,000",:,"112,400","113,205","114,400","115,800","117,300","118,504","119,215",:
Carlisle,"105,100",:,"107,000","107,524","107,700","108,000","108,000","108,089","108,282",:
Crawley,"104,000",:,"104,700","106,597","107,700","108,600","109,400","110,374","111,120",:
Watford,:,:,:,:,:,:,:,"95,954","96,588",:
Gosport,:,:,:,:,:,:,:,"84,480","85,018",:
Eastleigh,:,:,:,:,:,:,:,"128,952","129,331",:
Rushmoor,:,:,:,:,:,:,:,"95,319","95,835",:
Rushmoor,:,:,:,:,:,:,:,"183,119","184,062",:
Rugby,:,:,:,:,:,:,:,"102,972","103,629",:
Corby,:,:,:,:,:,:,:,"66,144","67,521",:
Kettering,:,:,:,:,:,:,:,"97,298","98,326",:
Inverclyde (Greenock),:,:,:,:,:,:,:,:,"79,330",:
Renfrewshire (Paisley),:,:,:,:,:,:,:,:,"175,245",:
Derry & Strabane Local Government District,"109,100","109,600","108,400","107,877","108,400","108,600","108,900","149,336","149,808",:
Turkey,:,:,:,:,:,:,:,:,:,:
Ankara,:,:,:,:,:,:,:,:,:,:
Adana,:,:,:,:,:,:,:,:,:,:
Antalya,:,:,:,:,:,:,:,:,:,:
Balikesir,:,:,:,:,:,:,:,:,:,:
Bursa,:,:,:,:,:,:,:,:,:,:
Denizli,:,:,:,:,:,:,:,:,:,:
Diyarbakir,:,:,:,:,:,:,:,:,:,:
Edirne,:,:,:,:,:,:,:,:,:,:
Erzurum,:,:,:,:,:,:,:,:,:,:
Gaziantep,:,:,:,:,:,:,:,:,:,:
Hatay,:,:,:,:,:,:,:,:,:,:
Istanbul,:,:,:,:,:,:,:,:,:,:
Izmir,:,:,:,:,:,:,:,:,:,:
Kars,:,:,:,:,:,:,:,:,:,:
Kastamonu,:,:,:,:,:,:,:,:,:,:
Kayseri,:,:,:,:,:,:,:,:,:,:
Kocaeli,:,:,:,:,:,:,:,:,:,:
Konya,:,:,:,:,:,:,:,:,:,:
Malatya,:,:,:,:,:,:,:,:,:,:
Manisa,:,:,:,:,:,:,:,:,:,:
Nevsehir,:,:,:,:,:,:,:,:,:,:
Samsun,:,:,:,:,:,:,:,:,:,:
Siirt,:,:,:,:,:,:,:,:,:,:
Trabzon,:,:,:,:,:,:,:,:,:,:
Van,:,:,:,:,:,:,:,:,:,:
Zonguldak,:,:,:,:,:,:,:,:,:,:
Norge,"4,737,171","4,799,252","4,858,199","4,920,305","4,985,870","5,051,275",:,:,:,:
Oslo,"560,484","575,475","586,860","599,230","613,285","623,966",:,:,:,:
Bergen,"247,746","252,051","256,600","260,392","263,762","267,950",:,:,:,:
Trondheim,"165,191","168,257","170,936","173,486","176,348","179,692",:,:,:,:
Stavanger,"119,586","121,610","123,850","126,021","127,506","129,191",:,:,:,:
Kristiansand,"78,919","80,109","81,295","82,394","83,243","84,476",:,:,:,:
Tromsø,"65,286","66,513","67,305","68,239","69,116","70,358",:,:,:,:
Schweiz/Suisse,"7,709,274","7,801,278","7,877,571","7,870,134","7,954,662","8,039,060","8,139,631","8,237,666","8,327,126",:
Zürich,"376,815","380,499","382,906","372,857","376,990","380,777","384,786","391,359","396,955",:
Zürich (greater city),:,"592,715","599,181","590,548","598,986","605,812","613,646","624,768","635,060",:
Genève,"185,726","188,068","189,313","187,470","188,234","189,033","191,557","194,565","198,072",:
Genève (greater city),:,"347,161","349,796","349,052","350,924","353,162","358,095","364,702","370,858",:
Basel,"165,956","167,528","168,010","163,216","164,516","165,566","167,386","168,620","169,916",:
Basel (greater city),:,"312,127","313,418","308,326","310,395","312,003","314,852","317,162","319,220",:
Bern,"128,345","129,418","130,289","124,381","125,681","127,515","128,848","130,015","131,554",:
Bern (greater city),:,"214,858","216,255","211,197","212,891","215,337","217,804","219,982","222,217",:
Lausanne,"129,265","130,721","133,269","127,821","129,383","130,421","132,788","133,897","135,629",:
Lausanne (greater city),:,"216,532","220,403","215,621","219,235","220,846","224,379","226,581","229,425",:
Winterthur,"99,304","100,977","101,745","101,308","103,075","104,468","105,676",:,:,:
St. Gallen,"74,105","74,996","75,802","72,959","73,505","74,111","74,581","75,310","75,538",:
Luzern,"78,050","78,875","79,464","77,491","78,093","79,478","80,501","81,057","81,295",:
Luzern (greater city),:,"153,165","154,442","152,408","153,850","155,775","157,412","158,637","159,189",:
Lugano,"55,945","56,911","57,528","54,667","55,151","61,837","62,792","63,668","63,583",:
Lugano (greater city),:,"75,805","76,624","73,266","73,922","80,995","82,453","83,635","83,727",:
Biel/Bienne,"50,852","51,619","51,991","51,203","51,635","52,351","53,031",:,:,:
,,,,,,,,,,
Special value:,,,,,,,,,,
:,not available,,,,,,,,,
